"","n","interim_fraction","MonitoringType","P","Proportion","FutilityPValue","EfficacyPValue","AlternativeRejectionRate0.8","NullRejectionRate0.05","TypeIIError","LevelOfSignificance"
"1",40,0.25,"EO",1.47336168718759e-05,0,1.99999999802682,1.47336168718759e-05,0.604,0.277,0.396,0.723
"2",40,0.25,"EO",1.47336168718759e-05,0.05,1.99999999802682,1.47336168718759e-05,0.406,0.107,0.594,0.893
"3",40,0.25,"EO",1.47336168718759e-05,0.1,1.99999999802682,1.47336168718759e-05,0.267,0.07,0.733,0.93
"4",40,0.25,"EO",1.47336168718759e-05,0.15,1.99999999802682,1.47336168718759e-05,0.168,0.029,0.832,0.971
"5",40,0.25,"EO",1.47336168718759e-05,0.2,1.99999999802682,1.47336168718759e-05,0.168,0.029,0.832,0.971
"6",40,0.25,"EO",1.47336168718759e-05,0.25,1.99999999802682,1.47336168718759e-05,0.163,0.028,0.837,0.972
"7",40,0.25,"EO",1.47336168718759e-05,0.3,1.99999999802682,1.47336168718759e-05,0.146,0.022,0.854,0.978
"8",40,0.25,"EO",1.47336168718759e-05,0.35,1.99999999802682,1.47336168718759e-05,0.146,0.022,0.854,0.978
"9",40,0.25,"EO",1.47336168718759e-05,0.4,1.99999999802682,1.47336168718759e-05,0.146,0.022,0.854,0.978
"10",40,0.25,"EO",1.47336168718759e-05,0.45,1.99999999802682,1.47336168718759e-05,0.146,0.022,0.854,0.978
"11",40,0.25,"EO",1.47336168718759e-05,0.5,1.99999999802682,1.47336168718759e-05,0.146,0.022,0.854,0.978
"12",40,0.25,"EO",1.47336168718759e-05,0.55,1.99999999802682,1.47336168718759e-05,0.146,0.022,0.854,0.978
"13",40,0.25,"EO",1.47336168718759e-05,0.6,1.99999999802682,1.47336168718759e-05,0.144,0.022,0.856,0.978
"14",40,0.25,"EO",1.47336168718759e-05,0.65,1.99999999802682,1.47336168718759e-05,0.131,0.019,0.869,0.981
"15",40,0.25,"EO",1.47336168718759e-05,0.7,1.99999999802682,1.47336168718759e-05,0.129,0.019,0.871,0.981
"16",40,0.25,"EO",1.47336168718759e-05,0.75,1.99999999802682,1.47336168718759e-05,0.129,0.019,0.871,0.981
"17",40,0.25,"EO",1.47336168718759e-05,0.8,1.99999999802682,1.47336168718759e-05,0.129,0.019,0.871,0.981
"18",40,0.25,"EO",1.47336168718759e-05,0.85,1.99999999802682,1.47336168718759e-05,0.052,0.006,0.948,0.994
"19",40,0.25,"EO",1.47336168718759e-05,0.9,1.99999999802682,1.47336168718759e-05,0.045,0.004,0.955,0.996
"20",40,0.25,"EO",1.47336168718759e-05,0.95,1.99999999802682,1.47336168718759e-05,0.037,0.002,0.963,0.998
"21",40,0.25,"EO",1.47336168718759e-05,1,1.99999999802682,1.47336168718759e-05,0,0,1,1
"22",40,0.25,"FE",1.47336168718759e-05,0,NA,1.47336168718759e-05,0.604,0.277,0.396,0.723
"23",40,0.25,"FE",1.47336168718759e-05,0.05,NA,1.47336168718759e-05,0.406,0.107,0.594,0.893
"24",40,0.25,"FE",1.47336168718759e-05,0.1,NA,1.47336168718759e-05,0.267,0.07,0.733,0.93
"25",40,0.25,"FE",1.47336168718759e-05,0.15,NA,1.47336168718759e-05,0.168,0.029,0.832,0.971
"26",40,0.25,"FE",1.47336168718759e-05,0.2,NA,1.47336168718759e-05,0.168,0.029,0.832,0.971
"27",40,0.25,"FE",1.47336168718759e-05,0.25,NA,1.47336168718759e-05,0.163,0.028,0.837,0.972
"28",40,0.25,"FE",1.47336168718759e-05,0.3,NA,1.47336168718759e-05,0.146,0.022,0.854,0.978
"29",40,0.25,"FE",1.47336168718759e-05,0.35,NA,1.47336168718759e-05,0.146,0.022,0.854,0.978
"30",40,0.25,"FE",1.47336168718759e-05,0.4,NA,1.47336168718759e-05,0.146,0.022,0.854,0.978
"31",40,0.25,"FE",1.47336168718759e-05,0.45,NA,1.47336168718759e-05,0.146,0.022,0.854,0.978
"32",40,0.25,"FE",1.47336168718759e-05,0.5,NA,1.47336168718759e-05,0.146,0.022,0.854,0.978
"33",40,0.25,"FE",1.47336168718759e-05,0.55,NA,1.47336168718759e-05,0.146,0.022,0.854,0.978
"34",40,0.25,"FE",1.47336168718759e-05,0.6,NA,1.47336168718759e-05,0.144,0.022,0.856,0.978
"35",40,0.25,"FE",1.47336168718759e-05,0.65,NA,1.47336168718759e-05,0.131,0.019,0.869,0.981
"36",40,0.25,"FE",1.47336168718759e-05,0.7,NA,1.47336168718759e-05,0.129,0.019,0.871,0.981
"37",40,0.25,"FE",1.47336168718759e-05,0.75,NA,1.47336168718759e-05,0.129,0.019,0.871,0.981
"38",40,0.25,"FE",1.47336168718759e-05,0.8,NA,1.47336168718759e-05,0.129,0.019,0.871,0.981
"39",40,0.25,"FE",1.47336168718759e-05,0.85,NA,1.47336168718759e-05,0.052,0.006,0.948,0.994
"40",40,0.25,"FE",1.47336168718759e-05,0.9,NA,1.47336168718759e-05,0.045,0.004,0.955,0.996
"41",40,0.25,"FE",1.47336168718759e-05,0.95,NA,1.47336168718759e-05,0.037,0.002,0.963,0.998
"42",40,0.25,"FE",1.47336168718759e-05,1,NA,1.47336168718759e-05,0,0,1,1
"43",40,0.5,"FO",0.587238814856593,0,0.587238814856593,0,1,1,0,0
"44",40,0.5,"FO",0.587238814856593,0.05,0.587238814856593,0,1,1,0,0
"45",40,0.5,"FO",0.587238814856593,0.1,0.587238814856593,0,0.999,1,0.001,0
"46",40,0.5,"FO",0.587238814856593,0.15,0.587238814856593,0,0.999,0.993,0.001,0.00700000000000001
"47",40,0.5,"FO",0.587238814856593,0.2,0.587238814856593,0,0.999,0.982,0.001,0.018
"48",40,0.5,"FO",0.587238814856593,0.25,0.587238814856593,0,0.992,0.906,0.00800000000000001,0.094
"49",40,0.5,"FO",0.587238814856593,0.3,0.587238814856593,0,0.98,0.821,0.02,0.179
"50",40,0.5,"FO",0.587238814856593,0.35,0.587238814856593,0,0.98,0.804,0.02,0.196
"51",40,0.5,"FO",0.587238814856593,0.4,0.587238814856593,0,0.972,0.762,0.028,0.238
"52",40,0.5,"FO",0.587238814856593,0.45,0.587238814856593,0,0.942,0.561,0.0580000000000001,0.439
"53",40,0.5,"FO",0.587238814856593,0.5,0.587238814856593,0,0.934,0.518,0.0659999999999999,0.482
"54",40,0.5,"FO",0.587238814856593,0.55,0.587238814856593,0,0.932,0.505,0.0679999999999999,0.495
"55",40,0.5,"FO",0.587238814856593,0.6,0.587238814856593,0,0.927,0.491,0.073,0.509
"56",40,0.5,"FO",0.587238814856593,0.65,0.587238814856593,0,0.927,0.485,0.073,0.515
"57",40,0.5,"FO",0.587238814856593,0.7,0.587238814856593,0,0.917,0.474,0.083,0.526
"58",40,0.5,"FO",0.587238814856593,0.75,0.587238814856593,0,0.899,0.427,0.101,0.573
"59",40,0.5,"FO",0.587238814856593,0.8,0.587238814856593,0,0.836,0.292,0.164,0.708
"60",40,0.5,"FO",0.587238814856593,0.85,0.587238814856593,0,0.816,0.273,0.184,0.727
"61",40,0.5,"FO",0.587238814856593,0.9,0.587238814856593,0,0.813,0.261,0.187,0.739
"62",40,0.5,"FO",0.587238814856593,0.95,0.587238814856593,0,0.758,0.204,0.242,0.796
"63",40,0.5,"FO",0.587238814856593,1,0.587238814856593,0,0,0,1,1
"64",40,0.5,"EO",0.00304526344597988,0,1.99999999802682,0.00304526344597988,0.872,0.38,0.128,0.62
"65",40,0.5,"EO",0.00304526344597988,0.05,1.99999999802682,0.00304526344597988,0.676,0.125,0.324,0.875
"66",40,0.5,"EO",0.00304526344597988,0.1,1.99999999802682,0.00304526344597988,0.638,0.104,0.362,0.896
"67",40,0.5,"EO",0.00304526344597988,0.15,1.99999999802682,0.00304526344597988,0.534,0.058,0.466,0.942
"68",40,0.5,"EO",0.00304526344597988,0.2,1.99999999802682,0.00304526344597988,0.508,0.048,0.492,0.952
"69",40,0.5,"EO",0.00304526344597988,0.25,1.99999999802682,0.00304526344597988,0.486,0.039,0.514,0.961
"70",40,0.5,"EO",0.00304526344597988,0.3,1.99999999802682,0.00304526344597988,0.482,0.038,0.518,0.962
"71",40,0.5,"EO",0.00304526344597988,0.35,1.99999999802682,0.00304526344597988,0.47,0.034,0.53,0.966
"72",40,0.5,"EO",0.00304526344597988,0.4,1.99999999802682,0.00304526344597988,0.443,0.032,0.557,0.968
"73",40,0.5,"EO",0.00304526344597988,0.45,1.99999999802682,0.00304526344597988,0.362,0.018,0.638,0.982
"74",40,0.5,"EO",0.00304526344597988,0.5,1.99999999802682,0.00304526344597988,0.354,0.018,0.646,0.982
"75",40,0.5,"EO",0.00304526344597988,0.55,1.99999999802682,0.00304526344597988,0.35,0.018,0.65,0.982
"76",40,0.5,"EO",0.00304526344597988,0.6,1.99999999802682,0.00304526344597988,0.297,0.012,0.703,0.988
"77",40,0.5,"EO",0.00304526344597988,0.65,1.99999999802682,0.00304526344597988,0.286,0.011,0.714,0.989
"78",40,0.5,"EO",0.00304526344597988,0.7,1.99999999802682,0.00304526344597988,0.284,0.011,0.716,0.989
"79",40,0.5,"EO",0.00304526344597988,0.75,1.99999999802682,0.00304526344597988,0.283,0.011,0.717,0.989
"80",40,0.5,"EO",0.00304526344597988,0.8,1.99999999802682,0.00304526344597988,0.269,0.011,0.731,0.989
"81",40,0.5,"EO",0.00304526344597988,0.85,1.99999999802682,0.00304526344597988,0.212,0.006,0.788,0.994
"82",40,0.5,"EO",0.00304526344597988,0.9,1.99999999802682,0.00304526344597988,0.154,0.004,0.846,0.996
"83",40,0.5,"EO",0.00304526344597988,0.95,1.99999999802682,0.00304526344597988,0.148,0.004,0.852,0.996
"84",40,0.5,"EO",0.00304526344597988,1,1.99999999802682,0.00304526344597988,0,0,1,1
"85",40,0.5,"FE",0.00304526344597988,0,0.578364124002847,0.00304526344597988,0.872,0.38,0.128,0.62
"86",40,0.5,"FE",0.00304526344597988,0.05,0.578364124002847,0.00304526344597988,0.676,0.125,0.324,0.875
"87",40,0.5,"FE",0.00304526344597988,0.1,0.578364124002847,0.00304526344597988,0.638,0.104,0.362,0.896
"88",40,0.5,"FE",0.00304526344597988,0.15,0.578364124002847,0.00304526344597988,0.534,0.058,0.466,0.942
"89",40,0.5,"FE",0.00304526344597988,0.2,0.578364124002847,0.00304526344597988,0.508,0.048,0.492,0.952
"90",40,0.5,"FE",0.00304526344597988,0.25,0.578364124002847,0.00304526344597988,0.486,0.039,0.514,0.961
"91",40,0.5,"FE",0.00304526344597988,0.3,0.578364124002847,0.00304526344597988,0.482,0.038,0.518,0.962
"92",40,0.5,"FE",0.00304526344597988,0.35,0.578364124002847,0.00304526344597988,0.47,0.034,0.53,0.966
"93",40,0.5,"FE",0.00304526344597988,0.4,0.578364124002847,0.00304526344597988,0.443,0.032,0.557,0.968
"94",40,0.5,"FE",0.00304526344597988,0.45,0.578364124002847,0.00304526344597988,0.362,0.018,0.638,0.982
"95",40,0.5,"FE",0.00304526344597988,0.5,0.578364124002847,0.00304526344597988,0.354,0.018,0.646,0.982
"96",40,0.5,"FE",0.00304526344597988,0.55,0.578364124002847,0.00304526344597988,0.35,0.018,0.65,0.982
"97",40,0.5,"FE",0.00304526344597988,0.6,0.578364124002847,0.00304526344597988,0.297,0.012,0.703,0.988
"98",40,0.5,"FE",0.00304526344597988,0.65,0.578364124002847,0.00304526344597988,0.286,0.011,0.714,0.989
"99",40,0.5,"FE",0.00304526344597988,0.7,0.578364124002847,0.00304526344597988,0.284,0.011,0.716,0.989
"100",40,0.5,"FE",0.00304526344597988,0.75,0.578364124002847,0.00304526344597988,0.283,0.011,0.717,0.989
"101",40,0.5,"FE",0.00304526344597988,0.8,0.578364124002847,0.00304526344597988,0.269,0.011,0.731,0.989
"102",40,0.5,"FE",0.00304526344597988,0.85,0.578364124002847,0.00304526344597988,0.212,0.006,0.788,0.994
"103",40,0.5,"FE",0.00304526344597988,0.9,0.578364124002847,0.00304526344597988,0.154,0.004,0.846,0.996
"104",40,0.5,"FE",0.00304526344597988,0.95,0.578364124002847,0.00304526344597988,0.148,0.004,0.852,0.996
"105",40,0.5,"FE",0.00304526344597988,1,0.578364124002847,0.00304526344597988,0,0,1,1
"106",40,0.5,"FE",0.578364124002847,0.75,0.578364124002847,0.00304526344597988,0.899,0.427,0.101,0.573
"107",40,0.5,"FE",0.578364124002847,0.8,0.578364124002847,0.00304526344597988,0.836,0.292,0.164,0.708
"108",40,0.5,"FE",0.578364124002847,0.85,0.578364124002847,0.00304526344597988,0.816,0.273,0.184,0.727
"109",40,0.5,"FE",0.578364124002847,0.9,0.578364124002847,0.00304526344597988,0.813,0.261,0.187,0.739
"110",40,0.5,"FE",0.578364124002847,0.95,0.578364124002847,0.00304526344597988,0.758,0.204,0.242,0.796
"111",40,0.5,"FE",0.578364124002847,1,0.578364124002847,0.00304526344597988,0,0,1,1
"112",40,0.5,"FE",0.578364124002847,0.65,0.578364124002847,0.00304526344597988,0.927,0.485,0.073,0.515
"113",40,0.5,"FE",0.578364124002847,0.15,0.578364124002847,0.00304526344597988,0.999,0.993,0.001,0.00700000000000001
"114",40,0.5,"FE",0.578364124002847,0.7,0.578364124002847,0.00304526344597988,0.917,0.474,0.083,0.526
"115",40,0.5,"FE",0.578364124002847,0.2,0.578364124002847,0.00304526344597988,0.999,0.982,0.001,0.018
"116",40,0.5,"FE",0.578364124002847,0.4,0.578364124002847,0.00304526344597988,0.972,0.762,0.028,0.238
"117",40,0.5,"FE",0.578364124002847,0.25,0.578364124002847,0.00304526344597988,0.992,0.906,0.00800000000000001,0.094
"118",40,0.5,"FE",0.578364124002847,0.45,0.578364124002847,0.00304526344597988,0.942,0.561,0.0580000000000001,0.439
"119",40,0.5,"FE",0.578364124002847,0.3,0.578364124002847,0.00304526344597988,0.98,0.821,0.02,0.179
"120",40,0.5,"FE",0.578364124002847,0.5,0.578364124002847,0.00304526344597988,0.934,0.518,0.0659999999999999,0.482
"121",40,0.5,"FE",0.578364124002847,0.35,0.578364124002847,0.00304526344597988,0.98,0.804,0.02,0.196
"122",40,0.5,"FE",0.578364124002847,0.55,0.578364124002847,0.00304526344597988,0.932,0.505,0.0679999999999999,0.495
"123",40,0.5,"FE",0.578364124002847,0.05,0.578364124002847,0.00304526344597988,1,1,0,0
"124",40,0.5,"FE",0.578364124002847,0.6,0.578364124002847,0.00304526344597988,0.927,0.491,0.073,0.509
"125",40,0.5,"FE",0.578364124002847,0.1,0.578364124002847,0.00304526344597988,0.999,1,0.001,0
"126",40,0.5,"FE",0.578364124002847,0,0.578364124002847,0.00304526344597988,1,1,0,0
"127",40,0.75,"FO",0.193265864371953,0,0.193265864371953,0,0.993,0.869,0.00700000000000001,0.131
"128",40,0.75,"FO",0.193265864371953,0.05,0.193265864371953,0,0.972,0.482,0.028,0.518
"129",40,0.75,"FO",0.193265864371953,0.1,0.193265864371953,0,0.954,0.377,0.046,0.623
"130",40,0.75,"FO",0.193265864371953,0.15,0.193265864371953,0,0.952,0.35,0.048,0.65
"131",40,0.75,"FO",0.193265864371953,0.2,0.193265864371953,0,0.944,0.311,0.056,0.689
"132",40,0.75,"FO",0.193265864371953,0.25,0.193265864371953,0,0.935,0.291,0.0649999999999999,0.709
"133",40,0.75,"FO",0.193265864371953,0.3,0.193265864371953,0,0.935,0.288,0.0649999999999999,0.712
"134",40,0.75,"FO",0.193265864371953,0.35,0.193265864371953,0,0.916,0.253,0.084,0.747
"135",40,0.75,"FO",0.193265864371953,0.4,0.193265864371953,0,0.899,0.223,0.101,0.777
"136",40,0.75,"FO",0.193265864371953,0.45,0.193265864371953,0,0.896,0.216,0.104,0.784
"137",40,0.75,"FO",0.193265864371953,0.5,0.193265864371953,0,0.878,0.184,0.122,0.816
"138",40,0.75,"FO",0.193265864371953,0.55,0.193265864371953,0,0.874,0.178,0.126,0.822
"139",40,0.75,"FO",0.193265864371953,0.6,0.193265864371953,0,0.857,0.161,0.143,0.839
"140",40,0.75,"FO",0.193265864371953,0.65,0.193265864371953,0,0.838,0.138,0.162,0.862
"141",40,0.75,"FO",0.193265864371953,0.7,0.193265864371953,0,0.836,0.137,0.164,0.863
"142",40,0.75,"FO",0.193265864371953,0.75,0.193265864371953,0,0.798,0.12,0.202,0.88
"143",40,0.75,"FO",0.193265864371953,0.8,0.193265864371953,0,0.78,0.103,0.22,0.897
"144",40,0.75,"FO",0.193265864371953,0.85,0.193265864371953,0,0.741,0.089,0.259,0.911
"145",40,0.75,"FO",0.193265864371953,0.9,0.193265864371953,0,0.723,0.078,0.277,0.922
"146",40,0.75,"FO",0.193265864371953,0.95,0.193265864371953,0,0.656,0.052,0.344,0.948
"147",40,0.75,"FO",0.193265864371953,1,0.193265864371953,0,0,0,1,1
"148",40,0.75,"EO",0.0183220688360937,0,1.99999999802682,0.0183220688360937,0.899,0.221,0.101,0.779
"149",40,0.75,"EO",0.0183220688360937,0.05,1.99999999802682,0.0183220688360937,0.785,0.109,0.215,0.891
"150",40,0.75,"EO",0.0183220688360937,0.1,1.99999999802682,0.0183220688360937,0.732,0.076,0.268,0.924
"151",40,0.75,"EO",0.0183220688360937,0.15,1.99999999802682,0.0183220688360937,0.689,0.06,0.311,0.94
"152",40,0.75,"EO",0.0183220688360937,0.2,1.99999999802682,0.0183220688360937,0.688,0.058,0.312,0.942
"153",40,0.75,"EO",0.0183220688360937,0.25,1.99999999802682,0.0183220688360937,0.655,0.051,0.345,0.949
"154",40,0.75,"EO",0.0183220688360937,0.3,1.99999999802682,0.0183220688360937,0.645,0.05,0.355,0.95
"155",40,0.75,"EO",0.0183220688360937,0.35,1.99999999802682,0.0183220688360937,0.63,0.048,0.37,0.952
"156",40,0.75,"EO",0.0183220688360937,0.4,1.99999999802682,0.0183220688360937,0.567,0.033,0.433,0.967
"157",40,0.75,"EO",0.0183220688360937,0.45,1.99999999802682,0.0183220688360937,0.541,0.028,0.459,0.972
"158",40,0.75,"EO",0.0183220688360937,0.5,1.99999999802682,0.0183220688360937,0.526,0.027,0.474,0.973
"159",40,0.75,"EO",0.0183220688360937,0.55,1.99999999802682,0.0183220688360937,0.502,0.021,0.498,0.979
"160",40,0.75,"EO",0.0183220688360937,0.6,1.99999999802682,0.0183220688360937,0.494,0.019,0.506,0.981
"161",40,0.75,"EO",0.0183220688360937,0.65,1.99999999802682,0.0183220688360937,0.489,0.019,0.511,0.981
"162",40,0.75,"EO",0.0183220688360937,0.7,1.99999999802682,0.0183220688360937,0.47,0.018,0.53,0.982
"163",40,0.75,"EO",0.0183220688360937,0.75,1.99999999802682,0.0183220688360937,0.425,0.014,0.575,0.986
"164",40,0.75,"EO",0.0183220688360937,0.8,1.99999999802682,0.0183220688360937,0.382,0.01,0.618,0.99
"165",40,0.75,"EO",0.0183220688360937,0.85,1.99999999802682,0.0183220688360937,0.358,0.008,0.642,0.992
"166",40,0.75,"EO",0.0183220688360937,0.9,1.99999999802682,0.0183220688360937,0.355,0.008,0.645,0.992
"167",40,0.75,"EO",0.0183220688360937,0.95,1.99999999802682,0.0183220688360937,0.251,0.005,0.749,0.995
"168",40,0.75,"EO",0.0183220688360937,1,1.99999999802682,0.0183220688360937,0,0,1,1
"169",40,0.75,"FE",0.0183910831118006,0.9,0.186275384393549,0.0183910831118006,0.355,0.008,0.645,0.992
"170",40,0.75,"FE",0.0183910831118006,0.85,0.186275384393549,0.0183910831118006,0.358,0.008,0.642,0.992
"171",40,0.75,"FE",0.0183910831118006,0.75,0.186275384393549,0.0183910831118006,0.425,0.014,0.575,0.986
"172",40,0.75,"FE",0.0183910831118006,0.95,0.186275384393549,0.0183910831118006,0.251,0.005,0.749,0.995
"173",40,0.75,"FE",0.0183910831118006,0.8,0.186275384393549,0.0183910831118006,0.382,0.01,0.618,0.99
"174",40,0.75,"FE",0.0183910831118006,1,0.186275384393549,0.0183910831118006,0,0,1,1
"175",40,0.75,"FE",0.0183910831118006,0.7,0.186275384393549,0.0183910831118006,0.47,0.018,0.53,0.982
"176",40,0.75,"FE",0.0183910831118006,0,0.186275384393549,0.0183910831118006,0.899,0.221,0.101,0.779
"177",40,0.75,"FE",0.0183910831118006,0.05,0.186275384393549,0.0183910831118006,0.785,0.109,0.215,0.891
"178",40,0.75,"FE",0.0183910831118006,0.1,0.186275384393549,0.0183910831118006,0.732,0.076,0.268,0.924
"179",40,0.75,"FE",0.0183910831118006,0.15,0.186275384393549,0.0183910831118006,0.689,0.06,0.311,0.94
"180",40,0.75,"FE",0.0183910831118006,0.2,0.186275384393549,0.0183910831118006,0.688,0.058,0.312,0.942
"181",40,0.75,"FE",0.0183910831118006,0.25,0.186275384393549,0.0183910831118006,0.655,0.051,0.345,0.949
"182",40,0.75,"FE",0.0183910831118006,0.3,0.186275384393549,0.0183910831118006,0.645,0.05,0.355,0.95
"183",40,0.75,"FE",0.0183910831118006,0.35,0.186275384393549,0.0183910831118006,0.63,0.048,0.37,0.952
"184",40,0.75,"FE",0.0183910831118006,0.4,0.186275384393549,0.0183910831118006,0.567,0.033,0.433,0.967
"185",40,0.75,"FE",0.0183910831118006,0.45,0.186275384393549,0.0183910831118006,0.541,0.028,0.459,0.972
"186",40,0.75,"FE",0.0183910831118006,0.5,0.186275384393549,0.0183910831118006,0.526,0.027,0.474,0.973
"187",40,0.75,"FE",0.0183910831118006,0.55,0.186275384393549,0.0183910831118006,0.502,0.021,0.498,0.979
"188",40,0.75,"FE",0.0183910831118006,0.6,0.186275384393549,0.0183910831118006,0.494,0.019,0.506,0.981
"189",40,0.75,"FE",0.0183910831118006,0.65,0.186275384393549,0.0183910831118006,0.489,0.019,0.511,0.981
"190",40,0.75,"FE",0.186275384393549,0.35,0.186275384393549,0.0183910831118006,0.908,0.233,0.092,0.767
"191",40,0.75,"FE",0.186275384393549,0.4,0.186275384393549,0.0183910831118006,0.899,0.22,0.101,0.78
"192",40,0.75,"FE",0.186275384393549,0.45,0.186275384393549,0.0183910831118006,0.892,0.208,0.108,0.792
"193",40,0.75,"FE",0.186275384393549,0.5,0.186275384393549,0.0183910831118006,0.857,0.16,0.143,0.84
"194",40,0.75,"FE",0.186275384393549,0.55,0.186275384393549,0.0183910831118006,0.845,0.141,0.155,0.859
"195",40,0.75,"FE",0.186275384393549,0.6,0.186275384393549,0.0183910831118006,0.838,0.139,0.162,0.861
"196",40,0.75,"FE",0.186275384393549,0.65,0.186275384393549,0.0183910831118006,0.834,0.134,0.166,0.866
"197",40,0.75,"FE",0.186275384393549,0.7,0.186275384393549,0.0183910831118006,0.807,0.123,0.193,0.877
"198",40,0.75,"FE",0.186275384393549,0.75,0.186275384393549,0.0183910831118006,0.79,0.114,0.21,0.886
"199",40,0.75,"FE",0.186275384393549,0.8,0.186275384393549,0.0183910831118006,0.754,0.094,0.246,0.906
"200",40,0.75,"FE",0.186275384393549,0.85,0.186275384393549,0.0183910831118006,0.726,0.078,0.274,0.922
"201",40,0.75,"FE",0.186275384393549,0.9,0.186275384393549,0.0183910831118006,0.69,0.059,0.31,0.941
"202",40,0.75,"FE",0.186275384393549,0.95,0.186275384393549,0.0183910831118006,0.638,0.052,0.362,0.948
"203",40,0.75,"FE",0.186275384393549,1,0.186275384393549,0.0183910831118006,0,0,1,1
"204",40,0.75,"FE",0.186275384393549,0,0.186275384393549,0.0183910831118006,0.99,0.815,0.01,0.185
"205",40,0.75,"FE",0.186275384393549,0.05,0.186275384393549,0.0183910831118006,0.963,0.416,0.037,0.584
"206",40,0.75,"FE",0.186275384393549,0.1,0.186275384393549,0.0183910831118006,0.954,0.351,0.046,0.649
"207",40,0.75,"FE",0.186275384393549,0.15,0.186275384393549,0.0183910831118006,0.949,0.338,0.051,0.662
"208",40,0.75,"FE",0.186275384393549,0.2,0.186275384393549,0.0183910831118006,0.938,0.285,0.0620000000000001,0.715
"209",40,0.75,"FE",0.186275384393549,0.25,0.186275384393549,0.0183910831118006,0.916,0.249,0.084,0.751
"210",40,0.75,"FE",0.186275384393549,0.3,0.186275384393549,0.0183910831118006,0.914,0.243,0.086,0.757
"211",160,0.25,"EO",1.47336168718759e-05,0,1.99999999802682,1.47336168718759e-05,0.706,0.372,0.294,0.628
"212",160,0.25,"EO",1.47336168718759e-05,0.05,1.99999999802682,1.47336168718759e-05,0.463,0.137,0.537,0.863
"213",160,0.25,"EO",1.47336168718759e-05,0.1,1.99999999802682,1.47336168718759e-05,0.372,0.09,0.628,0.91
"214",160,0.25,"EO",1.47336168718759e-05,0.15,1.99999999802682,1.47336168718759e-05,0.369,0.083,0.631,0.917
"215",160,0.25,"EO",1.47336168718759e-05,0.2,1.99999999802682,1.47336168718759e-05,0.322,0.072,0.678,0.928
"216",160,0.25,"EO",1.47336168718759e-05,0.25,1.99999999802682,1.47336168718759e-05,0.275,0.058,0.725,0.942
"217",160,0.25,"EO",1.47336168718759e-05,0.3,1.99999999802682,1.47336168718759e-05,0.265,0.053,0.735,0.947
"218",160,0.25,"EO",1.47336168718759e-05,0.35,1.99999999802682,1.47336168718759e-05,0.264,0.05,0.736,0.95
"219",160,0.25,"EO",1.47336168718759e-05,0.4,1.99999999802682,1.47336168718759e-05,0.264,0.049,0.736,0.951
"220",160,0.25,"EO",1.47336168718759e-05,0.45,1.99999999802682,1.47336168718759e-05,0.253,0.046,0.747,0.954
"221",160,0.25,"EO",1.47336168718759e-05,0.5,1.99999999802682,1.47336168718759e-05,0.186,0.03,0.814,0.97
"222",160,0.25,"EO",1.47336168718759e-05,0.55,1.99999999802682,1.47336168718759e-05,0.167,0.025,0.833,0.975
"223",160,0.25,"EO",1.47336168718759e-05,0.6,1.99999999802682,1.47336168718759e-05,0.163,0.022,0.837,0.978
"224",160,0.25,"EO",1.47336168718759e-05,0.65,1.99999999802682,1.47336168718759e-05,0.159,0.018,0.841,0.982
"225",160,0.25,"EO",1.47336168718759e-05,0.7,1.99999999802682,1.47336168718759e-05,0.158,0.017,0.842,0.983
"226",160,0.25,"EO",1.47336168718759e-05,0.75,1.99999999802682,1.47336168718759e-05,0.148,0.015,0.852,0.985
"227",160,0.25,"EO",1.47336168718759e-05,0.8,1.99999999802682,1.47336168718759e-05,0.117,0.009,0.883,0.991
"228",160,0.25,"EO",1.47336168718759e-05,0.85,1.99999999802682,1.47336168718759e-05,0.095,0.008,0.905,0.992
"229",160,0.25,"EO",1.47336168718759e-05,0.9,1.99999999802682,1.47336168718759e-05,0.092,0.008,0.908,0.992
"230",160,0.25,"EO",1.47336168718759e-05,0.95,1.99999999802682,1.47336168718759e-05,0.052,0.004,0.948,0.996
"231",160,0.25,"EO",1.47336168718759e-05,1,1.99999999802682,1.47336168718759e-05,0,0,1,1
"232",160,0.25,"FE",1.47336168718759e-05,0,NA,1.47336168718759e-05,0.706,0.372,0.294,0.628
"233",160,0.25,"FE",1.47336168718759e-05,0.05,NA,1.47336168718759e-05,0.463,0.137,0.537,0.863
"234",160,0.25,"FE",1.47336168718759e-05,0.1,NA,1.47336168718759e-05,0.372,0.09,0.628,0.91
"235",160,0.25,"FE",1.47336168718759e-05,0.15,NA,1.47336168718759e-05,0.369,0.083,0.631,0.917
"236",160,0.25,"FE",1.47336168718759e-05,0.2,NA,1.47336168718759e-05,0.322,0.072,0.678,0.928
"237",160,0.25,"FE",1.47336168718759e-05,0.25,NA,1.47336168718759e-05,0.275,0.058,0.725,0.942
"238",160,0.25,"FE",1.47336168718759e-05,0.3,NA,1.47336168718759e-05,0.265,0.053,0.735,0.947
"239",160,0.25,"FE",1.47336168718759e-05,0.35,NA,1.47336168718759e-05,0.264,0.05,0.736,0.95
"240",160,0.25,"FE",1.47336168718759e-05,0.4,NA,1.47336168718759e-05,0.264,0.049,0.736,0.951
"241",160,0.25,"FE",1.47336168718759e-05,0.45,NA,1.47336168718759e-05,0.253,0.046,0.747,0.954
"242",160,0.25,"FE",1.47336168718759e-05,0.5,NA,1.47336168718759e-05,0.186,0.03,0.814,0.97
"243",160,0.25,"FE",1.47336168718759e-05,0.55,NA,1.47336168718759e-05,0.167,0.025,0.833,0.975
"244",160,0.25,"FE",1.47336168718759e-05,0.6,NA,1.47336168718759e-05,0.163,0.022,0.837,0.978
"245",160,0.25,"FE",1.47336168718759e-05,0.65,NA,1.47336168718759e-05,0.159,0.018,0.841,0.982
"246",160,0.25,"FE",1.47336168718759e-05,0.7,NA,1.47336168718759e-05,0.158,0.017,0.842,0.983
"247",160,0.25,"FE",1.47336168718759e-05,0.75,NA,1.47336168718759e-05,0.148,0.015,0.852,0.985
"248",160,0.25,"FE",1.47336168718759e-05,0.8,NA,1.47336168718759e-05,0.117,0.009,0.883,0.991
"249",160,0.25,"FE",1.47336168718759e-05,0.85,NA,1.47336168718759e-05,0.095,0.008,0.905,0.992
"250",160,0.25,"FE",1.47336168718759e-05,0.9,NA,1.47336168718759e-05,0.092,0.008,0.908,0.992
"251",160,0.25,"FE",1.47336168718759e-05,0.95,NA,1.47336168718759e-05,0.052,0.004,0.948,0.996
"252",160,0.25,"FE",1.47336168718759e-05,1,NA,1.47336168718759e-05,0,0,1,1
"253",160,0.5,"FO",0.587238814856593,0,0.587238814856593,0,1,1,0,0
"254",160,0.5,"FO",0.587238814856593,0.05,0.587238814856593,0,1,1,0,0
"255",160,0.5,"FO",0.587238814856593,0.1,0.587238814856593,0,1,1,0,0
"256",160,0.5,"FO",0.587238814856593,0.15,0.587238814856593,0,1,1,0,0
"257",160,0.5,"FO",0.587238814856593,0.2,0.587238814856593,0,1,1,0,0
"258",160,0.5,"FO",0.587238814856593,0.25,0.587238814856593,0,1,1,0,0
"259",160,0.5,"FO",0.587238814856593,0.3,0.587238814856593,0,0.997,0.961,0.003,0.039
"260",160,0.5,"FO",0.587238814856593,0.35,0.587238814856593,0,0.974,0.841,0.026,0.159
"261",160,0.5,"FO",0.587238814856593,0.4,0.587238814856593,0,0.955,0.752,0.045,0.248
"262",160,0.5,"FO",0.587238814856593,0.45,0.587238814856593,0,0.954,0.737,0.046,0.263
"263",160,0.5,"FO",0.587238814856593,0.5,0.587238814856593,0,0.935,0.62,0.0649999999999999,0.38
"264",160,0.5,"FO",0.587238814856593,0.55,0.587238814856593,0,0.93,0.591,0.07,0.409
"265",160,0.5,"FO",0.587238814856593,0.6,0.587238814856593,0,0.929,0.584,0.071,0.416
"266",160,0.5,"FO",0.587238814856593,0.65,0.587238814856593,0,0.901,0.492,0.099,0.508
"267",160,0.5,"FO",0.587238814856593,0.7,0.587238814856593,0,0.892,0.433,0.108,0.567
"268",160,0.5,"FO",0.587238814856593,0.75,0.587238814856593,0,0.892,0.429,0.108,0.571
"269",160,0.5,"FO",0.587238814856593,0.8,0.587238814856593,0,0.852,0.339,0.148,0.661
"270",160,0.5,"FO",0.587238814856593,0.85,0.587238814856593,0,0.845,0.299,0.155,0.701
"271",160,0.5,"FO",0.587238814856593,0.9,0.587238814856593,0,0.795,0.253,0.205,0.747
"272",160,0.5,"FO",0.587238814856593,0.95,0.587238814856593,0,0.768,0.205,0.232,0.795
"273",160,0.5,"FO",0.587238814856593,1,0.587238814856593,0,0,0,1,1
"274",160,0.5,"EO",0.00304526344597988,0,1.99999999802682,0.00304526344597988,0.918,0.557,0.082,0.443
"275",160,0.5,"EO",0.00304526344597988,0.05,1.99999999802682,0.00304526344597988,0.718,0.166,0.282,0.834
"276",160,0.5,"EO",0.00304526344597988,0.1,1.99999999802682,0.00304526344597988,0.669,0.132,0.331,0.868
"277",160,0.5,"EO",0.00304526344597988,0.15,1.99999999802682,0.00304526344597988,0.608,0.097,0.392,0.903
"278",160,0.5,"EO",0.00304526344597988,0.2,1.99999999802682,0.00304526344597988,0.592,0.087,0.408,0.913
"279",160,0.5,"EO",0.00304526344597988,0.25,1.99999999802682,0.00304526344597988,0.527,0.063,0.473,0.937
"280",160,0.5,"EO",0.00304526344597988,0.3,1.99999999802682,0.00304526344597988,0.526,0.054,0.474,0.946
"281",160,0.5,"EO",0.00304526344597988,0.35,1.99999999802682,0.00304526344597988,0.516,0.052,0.484,0.948
"282",160,0.5,"EO",0.00304526344597988,0.4,1.99999999802682,0.00304526344597988,0.444,0.041,0.556,0.959
"283",160,0.5,"EO",0.00304526344597988,0.45,1.99999999802682,0.00304526344597988,0.44,0.037,0.56,0.963
"284",160,0.5,"EO",0.00304526344597988,0.5,1.99999999802682,0.00304526344597988,0.438,0.035,0.562,0.965
"285",160,0.5,"EO",0.00304526344597988,0.55,1.99999999802682,0.00304526344597988,0.393,0.032,0.607,0.968
"286",160,0.5,"EO",0.00304526344597988,0.6,1.99999999802682,0.00304526344597988,0.347,0.025,0.653,0.975
"287",160,0.5,"EO",0.00304526344597988,0.65,1.99999999802682,0.00304526344597988,0.344,0.022,0.656,0.978
"288",160,0.5,"EO",0.00304526344597988,0.7,1.99999999802682,0.00304526344597988,0.335,0.019,0.665,0.981
"289",160,0.5,"EO",0.00304526344597988,0.75,1.99999999802682,0.00304526344597988,0.266,0.017,0.734,0.983
"290",160,0.5,"EO",0.00304526344597988,0.8,1.99999999802682,0.00304526344597988,0.26,0.016,0.74,0.984
"291",160,0.5,"EO",0.00304526344597988,0.85,1.99999999802682,0.00304526344597988,0.246,0.014,0.754,0.986
"292",160,0.5,"EO",0.00304526344597988,0.9,1.99999999802682,0.00304526344597988,0.204,0.008,0.796,0.992
"293",160,0.5,"EO",0.00304526344597988,0.95,1.99999999802682,0.00304526344597988,0.151,0.006,0.849,0.994
"294",160,0.5,"EO",0.00304526344597988,1,1.99999999802682,0.00304526344597988,0,0,1,1
"295",160,0.5,"FE",0.00304526344597988,0,0.578364124002847,0.00304526344597988,0.918,0.557,0.082,0.443
"296",160,0.5,"FE",0.00304526344597988,0.05,0.578364124002847,0.00304526344597988,0.718,0.166,0.282,0.834
"297",160,0.5,"FE",0.00304526344597988,0.1,0.578364124002847,0.00304526344597988,0.669,0.132,0.331,0.868
"298",160,0.5,"FE",0.00304526344597988,0.15,0.578364124002847,0.00304526344597988,0.608,0.097,0.392,0.903
"299",160,0.5,"FE",0.00304526344597988,0.2,0.578364124002847,0.00304526344597988,0.592,0.087,0.408,0.913
"300",160,0.5,"FE",0.00304526344597988,0.25,0.578364124002847,0.00304526344597988,0.527,0.063,0.473,0.937
"301",160,0.5,"FE",0.00304526344597988,0.3,0.578364124002847,0.00304526344597988,0.526,0.054,0.474,0.946
"302",160,0.5,"FE",0.00304526344597988,0.35,0.578364124002847,0.00304526344597988,0.516,0.052,0.484,0.948
"303",160,0.5,"FE",0.00304526344597988,0.4,0.578364124002847,0.00304526344597988,0.444,0.041,0.556,0.959
"304",160,0.5,"FE",0.00304526344597988,0.45,0.578364124002847,0.00304526344597988,0.44,0.037,0.56,0.963
"305",160,0.5,"FE",0.00304526344597988,0.5,0.578364124002847,0.00304526344597988,0.438,0.035,0.562,0.965
"306",160,0.5,"FE",0.00304526344597988,0.55,0.578364124002847,0.00304526344597988,0.393,0.032,0.607,0.968
"307",160,0.5,"FE",0.00304526344597988,0.6,0.578364124002847,0.00304526344597988,0.347,0.025,0.653,0.975
"308",160,0.5,"FE",0.00304526344597988,0.65,0.578364124002847,0.00304526344597988,0.344,0.022,0.656,0.978
"309",160,0.5,"FE",0.00304526344597988,0.7,0.578364124002847,0.00304526344597988,0.335,0.019,0.665,0.981
"310",160,0.5,"FE",0.00304526344597988,0.75,0.578364124002847,0.00304526344597988,0.266,0.017,0.734,0.983
"311",160,0.5,"FE",0.00304526344597988,0.8,0.578364124002847,0.00304526344597988,0.26,0.016,0.74,0.984
"312",160,0.5,"FE",0.00304526344597988,0.85,0.578364124002847,0.00304526344597988,0.246,0.014,0.754,0.986
"313",160,0.5,"FE",0.00304526344597988,0.9,0.578364124002847,0.00304526344597988,0.204,0.008,0.796,0.992
"314",160,0.5,"FE",0.00304526344597988,0.95,0.578364124002847,0.00304526344597988,0.151,0.006,0.849,0.994
"315",160,0.5,"FE",0.00304526344597988,1,0.578364124002847,0.00304526344597988,0,0,1,1
"316",160,0.5,"FE",0.578364124002847,0.75,0.578364124002847,0.00304526344597988,0.892,0.428,0.108,0.572
"317",160,0.5,"FE",0.578364124002847,0.8,0.578364124002847,0.00304526344597988,0.852,0.338,0.148,0.662
"318",160,0.5,"FE",0.578364124002847,0.85,0.578364124002847,0.00304526344597988,0.845,0.299,0.155,0.701
"319",160,0.5,"FE",0.578364124002847,0.9,0.578364124002847,0.00304526344597988,0.795,0.253,0.205,0.747
"320",160,0.5,"FE",0.578364124002847,0.95,0.578364124002847,0.00304526344597988,0.768,0.205,0.232,0.795
"321",160,0.5,"FE",0.578364124002847,1,0.578364124002847,0.00304526344597988,0,0,1,1
"322",160,0.5,"FE",0.578364124002847,0.65,0.578364124002847,0.00304526344597988,0.901,0.491,0.099,0.509
"323",160,0.5,"FE",0.578364124002847,0.15,0.578364124002847,0.00304526344597988,1,1,0,0
"324",160,0.5,"FE",0.578364124002847,0.7,0.578364124002847,0.00304526344597988,0.892,0.433,0.108,0.567
"325",160,0.5,"FE",0.578364124002847,0.2,0.578364124002847,0.00304526344597988,1,1,0,0
"326",160,0.5,"FE",0.578364124002847,0.4,0.578364124002847,0.00304526344597988,0.955,0.751,0.045,0.249
"327",160,0.5,"FE",0.578364124002847,0.25,0.578364124002847,0.00304526344597988,1,1,0,0
"328",160,0.5,"FE",0.578364124002847,0.45,0.578364124002847,0.00304526344597988,0.954,0.737,0.046,0.263
"329",160,0.5,"FE",0.578364124002847,0.3,0.578364124002847,0.00304526344597988,0.997,0.96,0.003,0.04
"330",160,0.5,"FE",0.578364124002847,0.5,0.578364124002847,0.00304526344597988,0.935,0.62,0.0649999999999999,0.38
"331",160,0.5,"FE",0.578364124002847,0.35,0.578364124002847,0.00304526344597988,0.974,0.84,0.026,0.16
"332",160,0.5,"FE",0.578364124002847,0.55,0.578364124002847,0.00304526344597988,0.93,0.591,0.07,0.409
"333",160,0.5,"FE",0.578364124002847,0.05,0.578364124002847,0.00304526344597988,1,1,0,0
"334",160,0.5,"FE",0.578364124002847,0.6,0.578364124002847,0.00304526344597988,0.929,0.584,0.071,0.416
"335",160,0.5,"FE",0.578364124002847,0.1,0.578364124002847,0.00304526344597988,1,1,0,0
"336",160,0.5,"FE",0.578364124002847,0,0.578364124002847,0.00304526344597988,1,1,0,0
"337",160,0.75,"FO",0.193265864371953,0,0.193265864371953,0,1,0.993,0,0.00700000000000001
"338",160,0.75,"FO",0.193265864371953,0.05,0.193265864371953,0,0.967,0.561,0.033,0.439
"339",160,0.75,"FO",0.193265864371953,0.1,0.193265864371953,0,0.947,0.476,0.053,0.524
"340",160,0.75,"FO",0.193265864371953,0.15,0.193265864371953,0,0.943,0.413,0.0570000000000001,0.587
"341",160,0.75,"FO",0.193265864371953,0.2,0.193265864371953,0,0.909,0.368,0.091,0.632
"342",160,0.75,"FO",0.193265864371953,0.25,0.193265864371953,0,0.905,0.345,0.095,0.655
"343",160,0.75,"FO",0.193265864371953,0.3,0.193265864371953,0,0.9,0.319,0.1,0.681
"344",160,0.75,"FO",0.193265864371953,0.35,0.193265864371953,0,0.882,0.271,0.118,0.729
"345",160,0.75,"FO",0.193265864371953,0.4,0.193265864371953,0,0.881,0.25,0.119,0.75
"346",160,0.75,"FO",0.193265864371953,0.45,0.193265864371953,0,0.88,0.24,0.12,0.76
"347",160,0.75,"FO",0.193265864371953,0.5,0.193265864371953,0,0.852,0.211,0.148,0.789
"348",160,0.75,"FO",0.193265864371953,0.55,0.193265864371953,0,0.846,0.2,0.154,0.8
"349",160,0.75,"FO",0.193265864371953,0.6,0.193265864371953,0,0.845,0.189,0.155,0.811
"350",160,0.75,"FO",0.193265864371953,0.65,0.193265864371953,0,0.817,0.167,0.183,0.833
"351",160,0.75,"FO",0.193265864371953,0.7,0.193265864371953,0,0.801,0.145,0.199,0.855
"352",160,0.75,"FO",0.193265864371953,0.75,0.193265864371953,0,0.801,0.134,0.199,0.866
"353",160,0.75,"FO",0.193265864371953,0.8,0.193265864371953,0,0.755,0.11,0.245,0.89
"354",160,0.75,"FO",0.193265864371953,0.85,0.193265864371953,0,0.742,0.096,0.258,0.904
"355",160,0.75,"FO",0.193265864371953,0.9,0.193265864371953,0,0.687,0.077,0.313,0.923
"356",160,0.75,"FO",0.193265864371953,0.95,0.193265864371953,0,0.644,0.053,0.356,0.947
"357",160,0.75,"FO",0.193265864371953,1,0.193265864371953,0,0,0,1,1
"358",160,0.75,"EO",0.0183220688360937,0,1.99999999802682,0.0183220688360937,0.948,0.431,0.052,0.569
"359",160,0.75,"EO",0.0183220688360937,0.05,1.99999999802682,0.0183220688360937,0.836,0.163,0.164,0.837
"360",160,0.75,"EO",0.0183220688360937,0.1,1.99999999802682,0.0183220688360937,0.8,0.123,0.2,0.877
"361",160,0.75,"EO",0.0183220688360937,0.15,1.99999999802682,0.0183220688360937,0.744,0.094,0.256,0.906
"362",160,0.75,"EO",0.0183220688360937,0.2,1.99999999802682,0.0183220688360937,0.739,0.083,0.261,0.917
"363",160,0.75,"EO",0.0183220688360937,0.25,1.99999999802682,0.0183220688360937,0.697,0.066,0.303,0.934
"364",160,0.75,"EO",0.0183220688360937,0.3,1.99999999802682,0.0183220688360937,0.674,0.056,0.326,0.944
"365",160,0.75,"EO",0.0183220688360937,0.35,1.99999999802682,0.0183220688360937,0.674,0.056,0.326,0.944
"366",160,0.75,"EO",0.0183220688360937,0.4,1.99999999802682,0.0183220688360937,0.634,0.043,0.366,0.957
"367",160,0.75,"EO",0.0183220688360937,0.45,1.99999999802682,0.0183220688360937,0.601,0.039,0.399,0.961
"368",160,0.75,"EO",0.0183220688360937,0.5,1.99999999802682,0.0183220688360937,0.601,0.039,0.399,0.961
"369",160,0.75,"EO",0.0183220688360937,0.55,1.99999999802682,0.0183220688360937,0.594,0.037,0.406,0.963
"370",160,0.75,"EO",0.0183220688360937,0.6,1.99999999802682,0.0183220688360937,0.537,0.027,0.463,0.973
"371",160,0.75,"EO",0.0183220688360937,0.65,1.99999999802682,0.0183220688360937,0.534,0.027,0.466,0.973
"372",160,0.75,"EO",0.0183220688360937,0.7,1.99999999802682,0.0183220688360937,0.531,0.027,0.469,0.973
"373",160,0.75,"EO",0.0183220688360937,0.75,1.99999999802682,0.0183220688360937,0.468,0.02,0.532,0.98
"374",160,0.75,"EO",0.0183220688360937,0.8,1.99999999802682,0.0183220688360937,0.461,0.018,0.539,0.982
"375",160,0.75,"EO",0.0183220688360937,0.85,1.99999999802682,0.0183220688360937,0.421,0.013,0.579,0.987
"376",160,0.75,"EO",0.0183220688360937,0.9,1.99999999802682,0.0183220688360937,0.388,0.009,0.612,0.991
"377",160,0.75,"EO",0.0183220688360937,0.95,1.99999999802682,0.0183220688360937,0.31,0.007,0.69,0.993
"378",160,0.75,"EO",0.0183220688360937,1,1.99999999802682,0.0183220688360937,0,0,1,1
"379",160,0.75,"FE",0.0183910831118006,1,0.186275384393549,0.0183910831118006,0,0,1,1
"380",160,0.75,"FE",0.0183910831118006,0.85,0.186275384393549,0.0183910831118006,0.421,0.013,0.579,0.987
"381",160,0.75,"FE",0.0183910831118006,0.9,0.186275384393549,0.0183910831118006,0.388,0.009,0.612,0.991
"382",160,0.75,"FE",0.0183910831118006,0.75,0.186275384393549,0.0183910831118006,0.468,0.02,0.532,0.98
"383",160,0.75,"FE",0.0183910831118006,0.95,0.186275384393549,0.0183910831118006,0.31,0.007,0.69,0.993
"384",160,0.75,"FE",0.0183910831118006,0.8,0.186275384393549,0.0183910831118006,0.461,0.018,0.539,0.982
"385",160,0.75,"FE",0.0183910831118006,0.7,0.186275384393549,0.0183910831118006,0.531,0.027,0.469,0.973
"386",160,0.75,"FE",0.0183910831118006,0,0.186275384393549,0.0183910831118006,0.948,0.431,0.052,0.569
"387",160,0.75,"FE",0.0183910831118006,0.05,0.186275384393549,0.0183910831118006,0.836,0.163,0.164,0.837
"388",160,0.75,"FE",0.0183910831118006,0.1,0.186275384393549,0.0183910831118006,0.8,0.123,0.2,0.877
"389",160,0.75,"FE",0.0183910831118006,0.15,0.186275384393549,0.0183910831118006,0.744,0.094,0.256,0.906
"390",160,0.75,"FE",0.0183910831118006,0.2,0.186275384393549,0.0183910831118006,0.739,0.083,0.261,0.917
"391",160,0.75,"FE",0.0183910831118006,0.25,0.186275384393549,0.0183910831118006,0.697,0.066,0.303,0.934
"392",160,0.75,"FE",0.0183910831118006,0.3,0.186275384393549,0.0183910831118006,0.674,0.056,0.326,0.944
"393",160,0.75,"FE",0.0183910831118006,0.35,0.186275384393549,0.0183910831118006,0.674,0.056,0.326,0.944
"394",160,0.75,"FE",0.0183910831118006,0.4,0.186275384393549,0.0183910831118006,0.634,0.043,0.366,0.957
"395",160,0.75,"FE",0.0183910831118006,0.45,0.186275384393549,0.0183910831118006,0.601,0.039,0.399,0.961
"396",160,0.75,"FE",0.0183910831118006,0.5,0.186275384393549,0.0183910831118006,0.601,0.039,0.399,0.961
"397",160,0.75,"FE",0.0183910831118006,0.55,0.186275384393549,0.0183910831118006,0.594,0.037,0.406,0.963
"398",160,0.75,"FE",0.0183910831118006,0.6,0.186275384393549,0.0183910831118006,0.537,0.027,0.463,0.973
"399",160,0.75,"FE",0.0183910831118006,0.65,0.186275384393549,0.0183910831118006,0.534,0.027,0.466,0.973
"400",160,0.75,"FE",0.186275384393549,0.35,0.186275384393549,0.0183910831118006,0.881,0.248,0.119,0.752
"401",160,0.75,"FE",0.186275384393549,0.4,0.186275384393549,0.0183910831118006,0.881,0.238,0.119,0.762
"402",160,0.75,"FE",0.186275384393549,0.45,0.186275384393549,0.0183910831118006,0.88,0.232,0.12,0.768
"403",160,0.75,"FE",0.186275384393549,0.5,0.186275384393549,0.0183910831118006,0.851,0.2,0.149,0.8
"404",160,0.75,"FE",0.186275384393549,0.55,0.186275384393549,0.0183910831118006,0.845,0.187,0.155,0.813
"405",160,0.75,"FE",0.186275384393549,0.6,0.186275384393549,0.0183910831118006,0.845,0.181,0.155,0.819
"406",160,0.75,"FE",0.186275384393549,0.65,0.186275384393549,0.0183910831118006,0.816,0.158,0.184,0.842
"407",160,0.75,"FE",0.186275384393549,0.7,0.186275384393549,0.0183910831118006,0.801,0.134,0.199,0.866
"408",160,0.75,"FE",0.186275384393549,0.75,0.186275384393549,0.0183910831118006,0.8,0.128,0.2,0.872
"409",160,0.75,"FE",0.186275384393549,0.8,0.186275384393549,0.0183910831118006,0.752,0.101,0.248,0.899
"410",160,0.75,"FE",0.186275384393549,0.85,0.186275384393549,0.0183910831118006,0.74,0.095,0.26,0.905
"411",160,0.75,"FE",0.186275384393549,0.9,0.186275384393549,0.0183910831118006,0.685,0.069,0.315,0.931
"412",160,0.75,"FE",0.186275384393549,0.95,0.186275384393549,0.0183910831118006,0.644,0.051,0.356,0.949
"413",160,0.75,"FE",0.186275384393549,1,0.186275384393549,0.0183910831118006,0,0,1,1
"414",160,0.75,"FE",0.186275384393549,0,0.186275384393549,0.0183910831118006,1,0.982,0,0.018
"415",160,0.75,"FE",0.186275384393549,0.05,0.186275384393549,0.0183910831118006,0.966,0.537,0.034,0.463
"416",160,0.75,"FE",0.186275384393549,0.1,0.186275384393549,0.0183910831118006,0.947,0.439,0.053,0.561
"417",160,0.75,"FE",0.186275384393549,0.15,0.186275384393549,0.0183910831118006,0.943,0.404,0.0570000000000001,0.596
"418",160,0.75,"FE",0.186275384393549,0.2,0.186275384393549,0.0183910831118006,0.908,0.345,0.092,0.655
"419",160,0.75,"FE",0.186275384393549,0.25,0.186275384393549,0.0183910831118006,0.905,0.33,0.095,0.67
"420",160,0.75,"FE",0.186275384393549,0.3,0.186275384393549,0.0183910831118006,0.9,0.307,0.1,0.693
"421",600,0.25,"EO",1.47336168718759e-05,0,1.99999999802682,1.47336168718759e-05,0.718,0.42,0.282,0.58
"422",600,0.25,"EO",1.47336168718759e-05,0.05,1.99999999802682,1.47336168718759e-05,0.435,0.132,0.565,0.868
"423",600,0.25,"EO",1.47336168718759e-05,0.1,1.99999999802682,1.47336168718759e-05,0.379,0.104,0.621,0.896
"424",600,0.25,"EO",1.47336168718759e-05,0.15,1.99999999802682,1.47336168718759e-05,0.359,0.089,0.641,0.911
"425",600,0.25,"EO",1.47336168718759e-05,0.2,1.99999999802682,1.47336168718759e-05,0.314,0.075,0.686,0.925
"426",600,0.25,"EO",1.47336168718759e-05,0.25,1.99999999802682,1.47336168718759e-05,0.306,0.064,0.694,0.936
"427",600,0.25,"EO",1.47336168718759e-05,0.3,1.99999999802682,1.47336168718759e-05,0.271,0.059,0.729,0.941
"428",600,0.25,"EO",1.47336168718759e-05,0.35,1.99999999802682,1.47336168718759e-05,0.258,0.05,0.742,0.95
"429",600,0.25,"EO",1.47336168718759e-05,0.4,1.99999999802682,1.47336168718759e-05,0.255,0.046,0.745,0.954
"430",600,0.25,"EO",1.47336168718759e-05,0.45,1.99999999802682,1.47336168718759e-05,0.219,0.038,0.781,0.962
"431",600,0.25,"EO",1.47336168718759e-05,0.5,1.99999999802682,1.47336168718759e-05,0.205,0.029,0.795,0.971
"432",600,0.25,"EO",1.47336168718759e-05,0.55,1.99999999802682,1.47336168718759e-05,0.2,0.028,0.8,0.972
"433",600,0.25,"EO",1.47336168718759e-05,0.6,1.99999999802682,1.47336168718759e-05,0.171,0.028,0.829,0.972
"434",600,0.25,"EO",1.47336168718759e-05,0.65,1.99999999802682,1.47336168718759e-05,0.162,0.024,0.838,0.976
"435",600,0.25,"EO",1.47336168718759e-05,0.7,1.99999999802682,1.47336168718759e-05,0.156,0.022,0.844,0.978
"436",600,0.25,"EO",1.47336168718759e-05,0.75,1.99999999802682,1.47336168718759e-05,0.129,0.018,0.871,0.982
"437",600,0.25,"EO",1.47336168718759e-05,0.8,1.99999999802682,1.47336168718759e-05,0.125,0.015,0.875,0.985
"438",600,0.25,"EO",1.47336168718759e-05,0.85,1.99999999802682,1.47336168718759e-05,0.098,0.012,0.902,0.988
"439",600,0.25,"EO",1.47336168718759e-05,0.9,1.99999999802682,1.47336168718759e-05,0.081,0.009,0.919,0.991
"440",600,0.25,"EO",1.47336168718759e-05,0.95,1.99999999802682,1.47336168718759e-05,0.063,0.004,0.937,0.996
"441",600,0.25,"EO",1.47336168718759e-05,1,1.99999999802682,1.47336168718759e-05,0,0,1,1
"442",600,0.25,"FE",1.47336168718759e-05,0,NA,1.47336168718759e-05,0.718,0.42,0.282,0.58
"443",600,0.25,"FE",1.47336168718759e-05,0.05,NA,1.47336168718759e-05,0.435,0.132,0.565,0.868
"444",600,0.25,"FE",1.47336168718759e-05,0.1,NA,1.47336168718759e-05,0.379,0.104,0.621,0.896
"445",600,0.25,"FE",1.47336168718759e-05,0.15,NA,1.47336168718759e-05,0.359,0.089,0.641,0.911
"446",600,0.25,"FE",1.47336168718759e-05,0.2,NA,1.47336168718759e-05,0.314,0.075,0.686,0.925
"447",600,0.25,"FE",1.47336168718759e-05,0.25,NA,1.47336168718759e-05,0.306,0.064,0.694,0.936
"448",600,0.25,"FE",1.47336168718759e-05,0.3,NA,1.47336168718759e-05,0.271,0.059,0.729,0.941
"449",600,0.25,"FE",1.47336168718759e-05,0.35,NA,1.47336168718759e-05,0.258,0.05,0.742,0.95
"450",600,0.25,"FE",1.47336168718759e-05,0.4,NA,1.47336168718759e-05,0.255,0.046,0.745,0.954
"451",600,0.25,"FE",1.47336168718759e-05,0.45,NA,1.47336168718759e-05,0.219,0.038,0.781,0.962
"452",600,0.25,"FE",1.47336168718759e-05,0.5,NA,1.47336168718759e-05,0.205,0.029,0.795,0.971
"453",600,0.25,"FE",1.47336168718759e-05,0.55,NA,1.47336168718759e-05,0.2,0.028,0.8,0.972
"454",600,0.25,"FE",1.47336168718759e-05,0.6,NA,1.47336168718759e-05,0.171,0.028,0.829,0.972
"455",600,0.25,"FE",1.47336168718759e-05,0.65,NA,1.47336168718759e-05,0.162,0.024,0.838,0.976
"456",600,0.25,"FE",1.47336168718759e-05,0.7,NA,1.47336168718759e-05,0.156,0.022,0.844,0.978
"457",600,0.25,"FE",1.47336168718759e-05,0.75,NA,1.47336168718759e-05,0.129,0.018,0.871,0.982
"458",600,0.25,"FE",1.47336168718759e-05,0.8,NA,1.47336168718759e-05,0.125,0.015,0.875,0.985
"459",600,0.25,"FE",1.47336168718759e-05,0.85,NA,1.47336168718759e-05,0.098,0.012,0.902,0.988
"460",600,0.25,"FE",1.47336168718759e-05,0.9,NA,1.47336168718759e-05,0.081,0.009,0.919,0.991
"461",600,0.25,"FE",1.47336168718759e-05,0.95,NA,1.47336168718759e-05,0.063,0.004,0.937,0.996
"462",600,0.25,"FE",1.47336168718759e-05,1,NA,1.47336168718759e-05,0,0,1,1
"463",600,0.5,"FO",0.587238814856593,0,0.587238814856593,0,1,1,0,0
"464",600,0.5,"FO",0.587238814856593,0.05,0.587238814856593,0,1,1,0,0
"465",600,0.5,"FO",0.587238814856593,0.1,0.587238814856593,0,1,1,0,0
"466",600,0.5,"FO",0.587238814856593,0.15,0.587238814856593,0,1,1,0,0
"467",600,0.5,"FO",0.587238814856593,0.2,0.587238814856593,0,1,1,0,0
"468",600,0.5,"FO",0.587238814856593,0.25,0.587238814856593,0,1,1,0,0
"469",600,0.5,"FO",0.587238814856593,0.3,0.587238814856593,0,1,1,0,0
"470",600,0.5,"FO",0.587238814856593,0.35,0.587238814856593,0,1,0.993,0,0.00700000000000001
"471",600,0.5,"FO",0.587238814856593,0.4,0.587238814856593,0,0.983,0.866,0.017,0.134
"472",600,0.5,"FO",0.587238814856593,0.45,0.587238814856593,0,0.964,0.767,0.036,0.233
"473",600,0.5,"FO",0.587238814856593,0.5,0.587238814856593,0,0.95,0.684,0.05,0.316
"474",600,0.5,"FO",0.587238814856593,0.55,0.587238814856593,0,0.939,0.644,0.0610000000000001,0.356
"475",600,0.5,"FO",0.587238814856593,0.6,0.587238814856593,0,0.93,0.583,0.07,0.417
"476",600,0.5,"FO",0.587238814856593,0.65,0.587238814856593,0,0.902,0.526,0.098,0.474
"477",600,0.5,"FO",0.587238814856593,0.7,0.587238814856593,0,0.897,0.482,0.103,0.518
"478",600,0.5,"FO",0.587238814856593,0.75,0.587238814856593,0,0.885,0.426,0.115,0.574
"479",600,0.5,"FO",0.587238814856593,0.8,0.587238814856593,0,0.865,0.376,0.135,0.624
"480",600,0.5,"FO",0.587238814856593,0.85,0.587238814856593,0,0.843,0.325,0.157,0.675
"481",600,0.5,"FO",0.587238814856593,0.9,0.587238814856593,0,0.808,0.273,0.192,0.727
"482",600,0.5,"FO",0.587238814856593,0.95,0.587238814856593,0,0.761,0.201,0.239,0.799
"483",600,0.5,"FO",0.587238814856593,1,0.587238814856593,0,0,0,1,1
"484",600,0.5,"EO",0.00304526344597988,0,1.99999999802682,0.00304526344597988,0.916,0.594,0.084,0.406
"485",600,0.5,"EO",0.00304526344597988,0.05,1.99999999802682,0.00304526344597988,0.728,0.174,0.272,0.826
"486",600,0.5,"EO",0.00304526344597988,0.1,1.99999999802682,0.00304526344597988,0.655,0.129,0.345,0.871
"487",600,0.5,"EO",0.00304526344597988,0.15,1.99999999802682,0.00304526344597988,0.615,0.089,0.385,0.911
"488",600,0.5,"EO",0.00304526344597988,0.2,1.99999999802682,0.00304526344597988,0.59,0.074,0.41,0.926
"489",600,0.5,"EO",0.00304526344597988,0.25,1.99999999802682,0.00304526344597988,0.559,0.053,0.441,0.947
"490",600,0.5,"EO",0.00304526344597988,0.3,1.99999999802682,0.00304526344597988,0.53,0.039,0.47,0.961
"491",600,0.5,"EO",0.00304526344597988,0.35,1.99999999802682,0.00304526344597988,0.507,0.038,0.493,0.962
"492",600,0.5,"EO",0.00304526344597988,0.4,1.99999999802682,0.00304526344597988,0.478,0.034,0.522,0.966
"493",600,0.5,"EO",0.00304526344597988,0.45,1.99999999802682,0.00304526344597988,0.452,0.03,0.548,0.97
"494",600,0.5,"EO",0.00304526344597988,0.5,1.99999999802682,0.00304526344597988,0.437,0.024,0.563,0.976
"495",600,0.5,"EO",0.00304526344597988,0.55,1.99999999802682,0.00304526344597988,0.405,0.023,0.595,0.977
"496",600,0.5,"EO",0.00304526344597988,0.6,1.99999999802682,0.00304526344597988,0.385,0.019,0.615,0.981
"497",600,0.5,"EO",0.00304526344597988,0.65,1.99999999802682,0.00304526344597988,0.333,0.017,0.667,0.983
"498",600,0.5,"EO",0.00304526344597988,0.7,1.99999999802682,0.00304526344597988,0.313,0.015,0.687,0.985
"499",600,0.5,"EO",0.00304526344597988,0.75,1.99999999802682,0.00304526344597988,0.283,0.013,0.717,0.987
"500",600,0.5,"EO",0.00304526344597988,0.8,1.99999999802682,0.00304526344597988,0.261,0.009,0.739,0.991
"501",600,0.5,"EO",0.00304526344597988,0.85,1.99999999802682,0.00304526344597988,0.231,0.005,0.769,0.995
"502",600,0.5,"EO",0.00304526344597988,0.9,1.99999999802682,0.00304526344597988,0.194,0.004,0.806,0.996
"503",600,0.5,"EO",0.00304526344597988,0.95,1.99999999802682,0.00304526344597988,0.158,0.002,0.842,0.998
"504",600,0.5,"EO",0.00304526344597988,1,1.99999999802682,0.00304526344597988,0,0,1,1
"505",600,0.5,"FE",0.00304526344597988,0,0.578364124002847,0.00304526344597988,0.916,0.594,0.084,0.406
"506",600,0.5,"FE",0.00304526344597988,0.05,0.578364124002847,0.00304526344597988,0.728,0.174,0.272,0.826
"507",600,0.5,"FE",0.00304526344597988,0.1,0.578364124002847,0.00304526344597988,0.655,0.129,0.345,0.871
"508",600,0.5,"FE",0.00304526344597988,0.15,0.578364124002847,0.00304526344597988,0.615,0.089,0.385,0.911
"509",600,0.5,"FE",0.00304526344597988,0.2,0.578364124002847,0.00304526344597988,0.59,0.074,0.41,0.926
"510",600,0.5,"FE",0.00304526344597988,0.25,0.578364124002847,0.00304526344597988,0.559,0.053,0.441,0.947
"511",600,0.5,"FE",0.00304526344597988,0.3,0.578364124002847,0.00304526344597988,0.53,0.039,0.47,0.961
"512",600,0.5,"FE",0.00304526344597988,0.35,0.578364124002847,0.00304526344597988,0.507,0.038,0.493,0.962
"513",600,0.5,"FE",0.00304526344597988,0.4,0.578364124002847,0.00304526344597988,0.478,0.034,0.522,0.966
"514",600,0.5,"FE",0.00304526344597988,0.45,0.578364124002847,0.00304526344597988,0.452,0.03,0.548,0.97
"515",600,0.5,"FE",0.00304526344597988,0.5,0.578364124002847,0.00304526344597988,0.437,0.024,0.563,0.976
"516",600,0.5,"FE",0.00304526344597988,0.55,0.578364124002847,0.00304526344597988,0.405,0.023,0.595,0.977
"517",600,0.5,"FE",0.00304526344597988,0.6,0.578364124002847,0.00304526344597988,0.385,0.019,0.615,0.981
"518",600,0.5,"FE",0.00304526344597988,0.65,0.578364124002847,0.00304526344597988,0.333,0.017,0.667,0.983
"519",600,0.5,"FE",0.00304526344597988,0.7,0.578364124002847,0.00304526344597988,0.313,0.015,0.687,0.985
"520",600,0.5,"FE",0.00304526344597988,0.75,0.578364124002847,0.00304526344597988,0.283,0.013,0.717,0.987
"521",600,0.5,"FE",0.00304526344597988,0.8,0.578364124002847,0.00304526344597988,0.261,0.009,0.739,0.991
"522",600,0.5,"FE",0.00304526344597988,0.85,0.578364124002847,0.00304526344597988,0.231,0.005,0.769,0.995
"523",600,0.5,"FE",0.00304526344597988,0.9,0.578364124002847,0.00304526344597988,0.194,0.004,0.806,0.996
"524",600,0.5,"FE",0.00304526344597988,0.95,0.578364124002847,0.00304526344597988,0.158,0.002,0.842,0.998
"525",600,0.5,"FE",0.00304526344597988,1,0.578364124002847,0.00304526344597988,0,0,1,1
"526",600,0.5,"FE",0.578364124002847,0.7,0.578364124002847,0.00304526344597988,0.897,0.482,0.103,0.518
"527",600,0.5,"FE",0.578364124002847,0.75,0.578364124002847,0.00304526344597988,0.885,0.426,0.115,0.574
"528",600,0.5,"FE",0.578364124002847,0.8,0.578364124002847,0.00304526344597988,0.865,0.376,0.135,0.624
"529",600,0.5,"FE",0.578364124002847,0.85,0.578364124002847,0.00304526344597988,0.843,0.325,0.157,0.675
"530",600,0.5,"FE",0.578364124002847,0.9,0.578364124002847,0.00304526344597988,0.808,0.273,0.192,0.727
"531",600,0.5,"FE",0.578364124002847,0.95,0.578364124002847,0.00304526344597988,0.761,0.201,0.239,0.799
"532",600,0.5,"FE",0.578364124002847,1,0.578364124002847,0.00304526344597988,0,0,1,1
"533",600,0.5,"FE",0.578364124002847,0.65,0.578364124002847,0.00304526344597988,0.902,0.526,0.098,0.474
"534",600,0.5,"FE",0.578364124002847,0.15,0.578364124002847,0.00304526344597988,1,1,0,0
"535",600,0.5,"FE",0.578364124002847,0.2,0.578364124002847,0.00304526344597988,1,1,0,0
"536",600,0.5,"FE",0.578364124002847,0.4,0.578364124002847,0.00304526344597988,0.983,0.866,0.017,0.134
"537",600,0.5,"FE",0.578364124002847,0.25,0.578364124002847,0.00304526344597988,1,1,0,0
"538",600,0.5,"FE",0.578364124002847,0.45,0.578364124002847,0.00304526344597988,0.964,0.767,0.036,0.233
"539",600,0.5,"FE",0.578364124002847,0.3,0.578364124002847,0.00304526344597988,1,1,0,0
"540",600,0.5,"FE",0.578364124002847,0.5,0.578364124002847,0.00304526344597988,0.95,0.684,0.05,0.316
"541",600,0.5,"FE",0.578364124002847,0.35,0.578364124002847,0.00304526344597988,1,0.993,0,0.00700000000000001
"542",600,0.5,"FE",0.578364124002847,0.55,0.578364124002847,0.00304526344597988,0.939,0.644,0.0610000000000001,0.356
"543",600,0.5,"FE",0.578364124002847,0.05,0.578364124002847,0.00304526344597988,1,1,0,0
"544",600,0.5,"FE",0.578364124002847,0.6,0.578364124002847,0.00304526344597988,0.93,0.583,0.07,0.417
"545",600,0.5,"FE",0.578364124002847,0.1,0.578364124002847,0.00304526344597988,1,1,0,0
"546",600,0.5,"FE",0.578364124002847,0,0.578364124002847,0.00304526344597988,1,1,0,0
"547",600,0.75,"FO",0.193265864371953,0,0.193265864371953,0,1,1,0,0
"548",600,0.75,"FO",0.193265864371953,0.05,0.193265864371953,0,0.982,0.625,0.018,0.375
"549",600,0.75,"FO",0.193265864371953,0.1,0.193265864371953,0,0.967,0.531,0.033,0.469
"550",600,0.75,"FO",0.193265864371953,0.15,0.193265864371953,0,0.951,0.458,0.049,0.542
"551",600,0.75,"FO",0.193265864371953,0.2,0.193265864371953,0,0.94,0.412,0.0600000000000001,0.588
"552",600,0.75,"FO",0.193265864371953,0.25,0.193265864371953,0,0.937,0.358,0.0629999999999999,0.642
"553",600,0.75,"FO",0.193265864371953,0.3,0.193265864371953,0,0.93,0.337,0.07,0.663
"554",600,0.75,"FO",0.193265864371953,0.35,0.193265864371953,0,0.926,0.315,0.074,0.685
"555",600,0.75,"FO",0.193265864371953,0.4,0.193265864371953,0,0.908,0.281,0.092,0.719
"556",600,0.75,"FO",0.193265864371953,0.45,0.193265864371953,0,0.9,0.273,0.1,0.727
"557",600,0.75,"FO",0.193265864371953,0.5,0.193265864371953,0,0.886,0.238,0.114,0.762
"558",600,0.75,"FO",0.193265864371953,0.55,0.193265864371953,0,0.879,0.218,0.121,0.782
"559",600,0.75,"FO",0.193265864371953,0.6,0.193265864371953,0,0.868,0.194,0.132,0.806
"560",600,0.75,"FO",0.193265864371953,0.65,0.193265864371953,0,0.851,0.172,0.149,0.828
"561",600,0.75,"FO",0.193265864371953,0.7,0.193265864371953,0,0.84,0.159,0.16,0.841
"562",600,0.75,"FO",0.193265864371953,0.75,0.193265864371953,0,0.821,0.129,0.179,0.871
"563",600,0.75,"FO",0.193265864371953,0.8,0.193265864371953,0,0.802,0.109,0.198,0.891
"564",600,0.75,"FO",0.193265864371953,0.85,0.193265864371953,0,0.777,0.089,0.223,0.911
"565",600,0.75,"FO",0.193265864371953,0.9,0.193265864371953,0,0.737,0.067,0.263,0.933
"566",600,0.75,"FO",0.193265864371953,0.95,0.193265864371953,0,0.698,0.042,0.302,0.958
"567",600,0.75,"FO",0.193265864371953,1,0.193265864371953,0,0,0,1,1
"568",600,0.75,"EO",0.0183220688360937,0,1.99999999802682,0.0183220688360937,0.951,0.469,0.049,0.531
"569",600,0.75,"EO",0.0183220688360937,0.05,1.99999999802682,0.0183220688360937,0.839,0.159,0.161,0.841
"570",600,0.75,"EO",0.0183220688360937,0.1,1.99999999802682,0.0183220688360937,0.801,0.106,0.199,0.894
"571",600,0.75,"EO",0.0183220688360937,0.15,1.99999999802682,0.0183220688360937,0.763,0.081,0.237,0.919
"572",600,0.75,"EO",0.0183220688360937,0.2,1.99999999802682,0.0183220688360937,0.734,0.063,0.266,0.937
"573",600,0.75,"EO",0.0183220688360937,0.25,1.99999999802682,0.0183220688360937,0.718,0.051,0.282,0.949
"574",600,0.75,"EO",0.0183220688360937,0.3,1.99999999802682,0.0183220688360937,0.707,0.047,0.293,0.953
"575",600,0.75,"EO",0.0183220688360937,0.35,1.99999999802682,0.0183220688360937,0.674,0.036,0.326,0.964
"576",600,0.75,"EO",0.0183220688360937,0.4,1.99999999802682,0.0183220688360937,0.663,0.033,0.337,0.967
"577",600,0.75,"EO",0.0183220688360937,0.45,1.99999999802682,0.0183220688360937,0.649,0.03,0.351,0.97
"578",600,0.75,"EO",0.0183220688360937,0.5,1.99999999802682,0.0183220688360937,0.631,0.024,0.369,0.976
"579",600,0.75,"EO",0.0183220688360937,0.55,1.99999999802682,0.0183220688360937,0.623,0.023,0.377,0.977
"580",600,0.75,"EO",0.0183220688360937,0.6,1.99999999802682,0.0183220688360937,0.594,0.015,0.406,0.985
"581",600,0.75,"EO",0.0183220688360937,0.65,1.99999999802682,0.0183220688360937,0.582,0.014,0.418,0.986
"582",600,0.75,"EO",0.0183220688360937,0.7,1.99999999802682,0.0183220688360937,0.546,0.012,0.454,0.988
"583",600,0.75,"EO",0.0183220688360937,0.75,1.99999999802682,0.0183220688360937,0.515,0.007,0.485,0.993
"584",600,0.75,"EO",0.0183220688360937,0.8,1.99999999802682,0.0183220688360937,0.488,0.006,0.512,0.994
"585",600,0.75,"EO",0.0183220688360937,0.85,1.99999999802682,0.0183220688360937,0.464,0.004,0.536,0.996
"586",600,0.75,"EO",0.0183220688360937,0.9,1.99999999802682,0.0183220688360937,0.429,0.003,0.571,0.997
"587",600,0.75,"EO",0.0183220688360937,0.95,1.99999999802682,0.0183220688360937,0.372,0.001,0.628,0.999
"588",600,0.75,"EO",0.0183220688360937,1,1.99999999802682,0.0183220688360937,0,0,1,1
"589",600,0.75,"FE",0.0183910831118006,1,0.186275384393549,0.0183910831118006,0,0,1,1
"590",600,0.75,"FE",0.0183910831118006,0.85,0.186275384393549,0.0183910831118006,0.464,0.004,0.536,0.996
"591",600,0.75,"FE",0.0183910831118006,0.9,0.186275384393549,0.0183910831118006,0.429,0.003,0.571,0.997
"592",600,0.75,"FE",0.0183910831118006,0.75,0.186275384393549,0.0183910831118006,0.515,0.007,0.485,0.993
"593",600,0.75,"FE",0.0183910831118006,0.95,0.186275384393549,0.0183910831118006,0.372,0.001,0.628,0.999
"594",600,0.75,"FE",0.0183910831118006,0.8,0.186275384393549,0.0183910831118006,0.488,0.006,0.512,0.994
"595",600,0.75,"FE",0.0183910831118006,0.65,0.186275384393549,0.0183910831118006,0.582,0.014,0.418,0.986
"596",600,0.75,"FE",0.0183910831118006,0.7,0.186275384393549,0.0183910831118006,0.546,0.012,0.454,0.988
"597",600,0.75,"FE",0.0183910831118006,0,0.186275384393549,0.0183910831118006,0.951,0.469,0.049,0.531
"598",600,0.75,"FE",0.0183910831118006,0.05,0.186275384393549,0.0183910831118006,0.839,0.159,0.161,0.841
"599",600,0.75,"FE",0.0183910831118006,0.1,0.186275384393549,0.0183910831118006,0.801,0.106,0.199,0.894
"600",600,0.75,"FE",0.0183910831118006,0.15,0.186275384393549,0.0183910831118006,0.763,0.081,0.237,0.919
"601",600,0.75,"FE",0.0183910831118006,0.2,0.186275384393549,0.0183910831118006,0.734,0.063,0.266,0.937
"602",600,0.75,"FE",0.0183910831118006,0.25,0.186275384393549,0.0183910831118006,0.718,0.051,0.282,0.949
"603",600,0.75,"FE",0.0183910831118006,0.3,0.186275384393549,0.0183910831118006,0.707,0.047,0.293,0.953
"604",600,0.75,"FE",0.0183910831118006,0.35,0.186275384393549,0.0183910831118006,0.674,0.036,0.326,0.964
"605",600,0.75,"FE",0.0183910831118006,0.4,0.186275384393549,0.0183910831118006,0.663,0.033,0.337,0.967
"606",600,0.75,"FE",0.0183910831118006,0.45,0.186275384393549,0.0183910831118006,0.649,0.03,0.351,0.97
"607",600,0.75,"FE",0.0183910831118006,0.5,0.186275384393549,0.0183910831118006,0.631,0.024,0.369,0.976
"608",600,0.75,"FE",0.0183910831118006,0.55,0.186275384393549,0.0183910831118006,0.623,0.023,0.377,0.977
"609",600,0.75,"FE",0.0183910831118006,0.6,0.186275384393549,0.0183910831118006,0.594,0.015,0.406,0.985
"610",600,0.75,"FE",0.186275384393549,0.35,0.186275384393549,0.0183910831118006,0.909,0.313,0.091,0.687
"611",600,0.75,"FE",0.186275384393549,0.4,0.186275384393549,0.0183910831118006,0.898,0.278,0.102,0.722
"612",600,0.75,"FE",0.186275384393549,0.45,0.186275384393549,0.0183910831118006,0.888,0.267,0.112,0.733
"613",600,0.75,"FE",0.186275384393549,0.5,0.186275384393549,0.0183910831118006,0.875,0.234,0.125,0.766
"614",600,0.75,"FE",0.186275384393549,0.55,0.186275384393549,0.0183910831118006,0.868,0.211,0.132,0.789
"615",600,0.75,"FE",0.186275384393549,0.6,0.186275384393549,0.0183910831118006,0.848,0.192,0.152,0.808
"616",600,0.75,"FE",0.186275384393549,0.65,0.186275384393549,0.0183910831118006,0.838,0.17,0.162,0.83
"617",600,0.75,"FE",0.186275384393549,0.7,0.186275384393549,0.0183910831118006,0.824,0.154,0.176,0.846
"618",600,0.75,"FE",0.186275384393549,0.75,0.186275384393549,0.0183910831118006,0.802,0.127,0.198,0.873
"619",600,0.75,"FE",0.186275384393549,0.8,0.186275384393549,0.0183910831118006,0.787,0.106,0.213,0.894
"620",600,0.75,"FE",0.186275384393549,0.85,0.186275384393549,0.0183910831118006,0.757,0.087,0.243,0.913
"621",600,0.75,"FE",0.186275384393549,0.9,0.186275384393549,0.0183910831118006,0.723,0.065,0.277,0.935
"622",600,0.75,"FE",0.186275384393549,0.95,0.186275384393549,0.0183910831118006,0.675,0.04,0.325,0.96
"623",600,0.75,"FE",0.186275384393549,1,0.186275384393549,0.0183910831118006,0,0,1,1
"624",600,0.75,"FE",0.186275384393549,0,0.186275384393549,0.0183910831118006,1,1,0,0
"625",600,0.75,"FE",0.186275384393549,0.05,0.186275384393549,0.0183910831118006,0.976,0.616,0.024,0.384
"626",600,0.75,"FE",0.186275384393549,0.1,0.186275384393549,0.0183910831118006,0.951,0.518,0.049,0.482
"627",600,0.75,"FE",0.186275384393549,0.15,0.186275384393549,0.0183910831118006,0.942,0.45,0.0580000000000001,0.55
"628",600,0.75,"FE",0.186275384393549,0.2,0.186275384393549,0.0183910831118006,0.937,0.401,0.0629999999999999,0.599
"629",600,0.75,"FE",0.186275384393549,0.25,0.186275384393549,0.0183910831118006,0.934,0.354,0.0659999999999999,0.646
"630",600,0.75,"FE",0.186275384393549,0.3,0.186275384393549,0.0183910831118006,0.926,0.329,0.074,0.671
"631",2000,0.25,"EO",1.47336168718759e-05,0,1.99999999802682,1.47336168718759e-05,0.755,0.424,0.245,0.576
"632",2000,0.25,"EO",1.47336168718759e-05,0.05,1.99999999802682,1.47336168718759e-05,0.479,0.143,0.521,0.857
"633",2000,0.25,"EO",1.47336168718759e-05,0.1,1.99999999802682,1.47336168718759e-05,0.404,0.107,0.596,0.893
"634",2000,0.25,"EO",1.47336168718759e-05,0.15,1.99999999802682,1.47336168718759e-05,0.374,0.086,0.626,0.914
"635",2000,0.25,"EO",1.47336168718759e-05,0.2,1.99999999802682,1.47336168718759e-05,0.336,0.067,0.664,0.933
"636",2000,0.25,"EO",1.47336168718759e-05,0.25,1.99999999802682,1.47336168718759e-05,0.315,0.061,0.685,0.939
"637",2000,0.25,"EO",1.47336168718759e-05,0.3,1.99999999802682,1.47336168718759e-05,0.289,0.053,0.711,0.947
"638",2000,0.25,"EO",1.47336168718759e-05,0.35,1.99999999802682,1.47336168718759e-05,0.258,0.048,0.742,0.952
"639",2000,0.25,"EO",1.47336168718759e-05,0.4,1.99999999802682,1.47336168718759e-05,0.242,0.042,0.758,0.958
"640",2000,0.25,"EO",1.47336168718759e-05,0.45,1.99999999802682,1.47336168718759e-05,0.235,0.038,0.765,0.962
"641",2000,0.25,"EO",1.47336168718759e-05,0.5,1.99999999802682,1.47336168718759e-05,0.218,0.034,0.782,0.966
"642",2000,0.25,"EO",1.47336168718759e-05,0.55,1.99999999802682,1.47336168718759e-05,0.207,0.027,0.793,0.973
"643",2000,0.25,"EO",1.47336168718759e-05,0.6,1.99999999802682,1.47336168718759e-05,0.189,0.02,0.811,0.98
"644",2000,0.25,"EO",1.47336168718759e-05,0.65,1.99999999802682,1.47336168718759e-05,0.172,0.018,0.828,0.982
"645",2000,0.25,"EO",1.47336168718759e-05,0.7,1.99999999802682,1.47336168718759e-05,0.156,0.016,0.844,0.984
"646",2000,0.25,"EO",1.47336168718759e-05,0.75,1.99999999802682,1.47336168718759e-05,0.144,0.014,0.856,0.986
"647",2000,0.25,"EO",1.47336168718759e-05,0.8,1.99999999802682,1.47336168718759e-05,0.128,0.01,0.872,0.99
"648",2000,0.25,"EO",1.47336168718759e-05,0.85,1.99999999802682,1.47336168718759e-05,0.117,0.009,0.883,0.991
"649",2000,0.25,"EO",1.47336168718759e-05,0.9,1.99999999802682,1.47336168718759e-05,0.107,0.006,0.893,0.994
"650",2000,0.25,"EO",1.47336168718759e-05,0.95,1.99999999802682,1.47336168718759e-05,0.08,0.003,0.92,0.997
"651",2000,0.25,"EO",1.47336168718759e-05,1,1.99999999802682,1.47336168718759e-05,0,0,1,1
"652",2000,0.25,"FE",1.47336168718759e-05,0,NA,1.47336168718759e-05,0.755,0.424,0.245,0.576
"653",2000,0.25,"FE",1.47336168718759e-05,0.05,NA,1.47336168718759e-05,0.479,0.143,0.521,0.857
"654",2000,0.25,"FE",1.47336168718759e-05,0.1,NA,1.47336168718759e-05,0.404,0.107,0.596,0.893
"655",2000,0.25,"FE",1.47336168718759e-05,0.15,NA,1.47336168718759e-05,0.374,0.086,0.626,0.914
"656",2000,0.25,"FE",1.47336168718759e-05,0.2,NA,1.47336168718759e-05,0.336,0.067,0.664,0.933
"657",2000,0.25,"FE",1.47336168718759e-05,0.25,NA,1.47336168718759e-05,0.315,0.061,0.685,0.939
"658",2000,0.25,"FE",1.47336168718759e-05,0.3,NA,1.47336168718759e-05,0.289,0.053,0.711,0.947
"659",2000,0.25,"FE",1.47336168718759e-05,0.35,NA,1.47336168718759e-05,0.258,0.048,0.742,0.952
"660",2000,0.25,"FE",1.47336168718759e-05,0.4,NA,1.47336168718759e-05,0.242,0.042,0.758,0.958
"661",2000,0.25,"FE",1.47336168718759e-05,0.45,NA,1.47336168718759e-05,0.235,0.038,0.765,0.962
"662",2000,0.25,"FE",1.47336168718759e-05,0.5,NA,1.47336168718759e-05,0.218,0.034,0.782,0.966
"663",2000,0.25,"FE",1.47336168718759e-05,0.55,NA,1.47336168718759e-05,0.207,0.027,0.793,0.973
"664",2000,0.25,"FE",1.47336168718759e-05,0.6,NA,1.47336168718759e-05,0.189,0.02,0.811,0.98
"665",2000,0.25,"FE",1.47336168718759e-05,0.65,NA,1.47336168718759e-05,0.172,0.018,0.828,0.982
"666",2000,0.25,"FE",1.47336168718759e-05,0.7,NA,1.47336168718759e-05,0.156,0.016,0.844,0.984
"667",2000,0.25,"FE",1.47336168718759e-05,0.75,NA,1.47336168718759e-05,0.144,0.014,0.856,0.986
"668",2000,0.25,"FE",1.47336168718759e-05,0.8,NA,1.47336168718759e-05,0.128,0.01,0.872,0.99
"669",2000,0.25,"FE",1.47336168718759e-05,0.85,NA,1.47336168718759e-05,0.117,0.009,0.883,0.991
"670",2000,0.25,"FE",1.47336168718759e-05,0.9,NA,1.47336168718759e-05,0.107,0.006,0.893,0.994
"671",2000,0.25,"FE",1.47336168718759e-05,0.95,NA,1.47336168718759e-05,0.08,0.003,0.92,0.997
"672",2000,0.25,"FE",1.47336168718759e-05,1,NA,1.47336168718759e-05,0,0,1,1
"673",2000,0.5,"FO",0.587238814856593,0,0.587238814856593,0,1,1,0,0
"674",2000,0.5,"FO",0.587238814856593,0.05,0.587238814856593,0,1,1,0,0
"675",2000,0.5,"FO",0.587238814856593,0.1,0.587238814856593,0,1,1,0,0
"676",2000,0.5,"FO",0.587238814856593,0.15,0.587238814856593,0,1,1,0,0
"677",2000,0.5,"FO",0.587238814856593,0.2,0.587238814856593,0,1,1,0,0
"678",2000,0.5,"FO",0.587238814856593,0.25,0.587238814856593,0,1,1,0,0
"679",2000,0.5,"FO",0.587238814856593,0.3,0.587238814856593,0,1,1,0,0
"680",2000,0.5,"FO",0.587238814856593,0.35,0.587238814856593,0,1,1,0,0
"681",2000,0.5,"FO",0.587238814856593,0.4,0.587238814856593,0,0.995,0.984,0.005,0.016
"682",2000,0.5,"FO",0.587238814856593,0.45,0.587238814856593,0,0.976,0.854,0.024,0.146
"683",2000,0.5,"FO",0.587238814856593,0.5,0.587238814856593,0,0.968,0.752,0.032,0.248
"684",2000,0.5,"FO",0.587238814856593,0.55,0.587238814856593,0,0.957,0.692,0.043,0.308
"685",2000,0.5,"FO",0.587238814856593,0.6,0.587238814856593,0,0.946,0.631,0.054,0.369
"686",2000,0.5,"FO",0.587238814856593,0.65,0.587238814856593,0,0.933,0.578,0.0669999999999999,0.422
"687",2000,0.5,"FO",0.587238814856593,0.7,0.587238814856593,0,0.913,0.526,0.087,0.474
"688",2000,0.5,"FO",0.587238814856593,0.75,0.587238814856593,0,0.899,0.475,0.101,0.525
"689",2000,0.5,"FO",0.587238814856593,0.8,0.587238814856593,0,0.882,0.42,0.118,0.58
"690",2000,0.5,"FO",0.587238814856593,0.85,0.587238814856593,0,0.864,0.361,0.136,0.639
"691",2000,0.5,"FO",0.587238814856593,0.9,0.587238814856593,0,0.835,0.289,0.165,0.711
"692",2000,0.5,"FO",0.587238814856593,0.95,0.587238814856593,0,0.778,0.215,0.222,0.785
"693",2000,0.5,"FO",0.587238814856593,1,0.587238814856593,0,0,0,1,1
"694",2000,0.5,"EO",0.00304526344597988,0,1.99999999802682,0.00304526344597988,0.937,0.602,0.0629999999999999,0.398
"695",2000,0.5,"EO",0.00304526344597988,0.05,1.99999999802682,0.00304526344597988,0.757,0.185,0.243,0.815
"696",2000,0.5,"EO",0.00304526344597988,0.1,1.99999999802682,0.00304526344597988,0.698,0.133,0.302,0.867
"697",2000,0.5,"EO",0.00304526344597988,0.15,1.99999999802682,0.00304526344597988,0.657,0.098,0.343,0.902
"698",2000,0.5,"EO",0.00304526344597988,0.2,1.99999999802682,0.00304526344597988,0.615,0.08,0.385,0.92
"699",2000,0.5,"EO",0.00304526344597988,0.25,1.99999999802682,0.00304526344597988,0.576,0.068,0.424,0.932
"700",2000,0.5,"EO",0.00304526344597988,0.3,1.99999999802682,0.00304526344597988,0.55,0.053,0.45,0.947
"701",2000,0.5,"EO",0.00304526344597988,0.35,1.99999999802682,0.00304526344597988,0.531,0.046,0.469,0.954
"702",2000,0.5,"EO",0.00304526344597988,0.4,1.99999999802682,0.00304526344597988,0.509,0.036,0.491,0.964
"703",2000,0.5,"EO",0.00304526344597988,0.45,1.99999999802682,0.00304526344597988,0.483,0.031,0.517,0.969
"704",2000,0.5,"EO",0.00304526344597988,0.5,1.99999999802682,0.00304526344597988,0.453,0.025,0.547,0.975
"705",2000,0.5,"EO",0.00304526344597988,0.55,1.99999999802682,0.00304526344597988,0.431,0.02,0.569,0.98
"706",2000,0.5,"EO",0.00304526344597988,0.6,1.99999999802682,0.00304526344597988,0.401,0.015,0.599,0.985
"707",2000,0.5,"EO",0.00304526344597988,0.65,1.99999999802682,0.00304526344597988,0.378,0.011,0.622,0.989
"708",2000,0.5,"EO",0.00304526344597988,0.7,1.99999999802682,0.00304526344597988,0.358,0.011,0.642,0.989
"709",2000,0.5,"EO",0.00304526344597988,0.75,1.99999999802682,0.00304526344597988,0.331,0.01,0.669,0.99
"710",2000,0.5,"EO",0.00304526344597988,0.8,1.99999999802682,0.00304526344597988,0.305,0.01,0.695,0.99
"711",2000,0.5,"EO",0.00304526344597988,0.85,1.99999999802682,0.00304526344597988,0.274,0.007,0.726,0.993
"712",2000,0.5,"EO",0.00304526344597988,0.9,1.99999999802682,0.00304526344597988,0.237,0.005,0.763,0.995
"713",2000,0.5,"EO",0.00304526344597988,0.95,1.99999999802682,0.00304526344597988,0.183,0.001,0.817,0.999
"714",2000,0.5,"EO",0.00304526344597988,1,1.99999999802682,0.00304526344597988,0,0,1,1
"715",2000,0.5,"FE",0.00304526344597988,0,0.578364124002847,0.00304526344597988,0.937,0.602,0.0629999999999999,0.398
"716",2000,0.5,"FE",0.00304526344597988,0.05,0.578364124002847,0.00304526344597988,0.757,0.185,0.243,0.815
"717",2000,0.5,"FE",0.00304526344597988,0.1,0.578364124002847,0.00304526344597988,0.698,0.133,0.302,0.867
"718",2000,0.5,"FE",0.00304526344597988,0.15,0.578364124002847,0.00304526344597988,0.657,0.098,0.343,0.902
"719",2000,0.5,"FE",0.00304526344597988,0.2,0.578364124002847,0.00304526344597988,0.615,0.08,0.385,0.92
"720",2000,0.5,"FE",0.00304526344597988,0.25,0.578364124002847,0.00304526344597988,0.576,0.068,0.424,0.932
"721",2000,0.5,"FE",0.00304526344597988,0.3,0.578364124002847,0.00304526344597988,0.55,0.053,0.45,0.947
"722",2000,0.5,"FE",0.00304526344597988,0.35,0.578364124002847,0.00304526344597988,0.531,0.046,0.469,0.954
"723",2000,0.5,"FE",0.00304526344597988,0.4,0.578364124002847,0.00304526344597988,0.509,0.036,0.491,0.964
"724",2000,0.5,"FE",0.00304526344597988,0.45,0.578364124002847,0.00304526344597988,0.483,0.031,0.517,0.969
"725",2000,0.5,"FE",0.00304526344597988,0.5,0.578364124002847,0.00304526344597988,0.453,0.025,0.547,0.975
"726",2000,0.5,"FE",0.00304526344597988,0.55,0.578364124002847,0.00304526344597988,0.431,0.02,0.569,0.98
"727",2000,0.5,"FE",0.00304526344597988,0.6,0.578364124002847,0.00304526344597988,0.401,0.015,0.599,0.985
"728",2000,0.5,"FE",0.00304526344597988,0.65,0.578364124002847,0.00304526344597988,0.378,0.011,0.622,0.989
"729",2000,0.5,"FE",0.00304526344597988,0.7,0.578364124002847,0.00304526344597988,0.358,0.011,0.642,0.989
"730",2000,0.5,"FE",0.00304526344597988,0.75,0.578364124002847,0.00304526344597988,0.331,0.01,0.669,0.99
"731",2000,0.5,"FE",0.00304526344597988,0.8,0.578364124002847,0.00304526344597988,0.305,0.01,0.695,0.99
"732",2000,0.5,"FE",0.00304526344597988,0.85,0.578364124002847,0.00304526344597988,0.274,0.007,0.726,0.993
"733",2000,0.5,"FE",0.00304526344597988,0.9,0.578364124002847,0.00304526344597988,0.237,0.005,0.763,0.995
"734",2000,0.5,"FE",0.00304526344597988,0.95,0.578364124002847,0.00304526344597988,0.183,0.001,0.817,0.999
"735",2000,0.5,"FE",0.00304526344597988,1,0.578364124002847,0.00304526344597988,0,0,1,1
"736",2000,0.5,"FE",0.578364124002847,0.7,0.578364124002847,0.00304526344597988,0.911,0.505,0.089,0.495
"737",2000,0.5,"FE",0.578364124002847,0.75,0.578364124002847,0.00304526344597988,0.898,0.456,0.102,0.544
"738",2000,0.5,"FE",0.578364124002847,0.8,0.578364124002847,0.00304526344597988,0.882,0.399,0.118,0.601
"739",2000,0.5,"FE",0.578364124002847,0.85,0.578364124002847,0.00304526344597988,0.859,0.348,0.141,0.652
"740",2000,0.5,"FE",0.578364124002847,0.9,0.578364124002847,0.00304526344597988,0.831,0.28,0.169,0.72
"741",2000,0.5,"FE",0.578364124002847,0.95,0.578364124002847,0.00304526344597988,0.772,0.209,0.228,0.791
"742",2000,0.5,"FE",0.578364124002847,1,0.578364124002847,0.00304526344597988,0,0,1,1
"743",2000,0.5,"FE",0.578364124002847,0.65,0.578364124002847,0.00304526344597988,0.926,0.55,0.074,0.45
"744",2000,0.5,"FE",0.578364124002847,0.15,0.578364124002847,0.00304526344597988,1,1,0,0
"745",2000,0.5,"FE",0.578364124002847,0.35,0.578364124002847,0.00304526344597988,1,0.998,0,0.002
"746",2000,0.5,"FE",0.578364124002847,0.2,0.578364124002847,0.00304526344597988,1,1,0,0
"747",2000,0.5,"FE",0.578364124002847,0.4,0.578364124002847,0.00304526344597988,0.989,0.9,0.011,0.1
"748",2000,0.5,"FE",0.578364124002847,0.25,0.578364124002847,0.00304526344597988,1,1,0,0
"749",2000,0.5,"FE",0.578364124002847,0.45,0.578364124002847,0.00304526344597988,0.972,0.788,0.028,0.212
"750",2000,0.5,"FE",0.578364124002847,0.3,0.578364124002847,0.00304526344597988,1,1,0,0
"751",2000,0.5,"FE",0.578364124002847,0.5,0.578364124002847,0.00304526344597988,0.967,0.717,0.033,0.283
"752",2000,0.5,"FE",0.578364124002847,0.55,0.578364124002847,0.00304526344597988,0.955,0.658,0.045,0.342
"753",2000,0.5,"FE",0.578364124002847,0.05,0.578364124002847,0.00304526344597988,1,1,0,0
"754",2000,0.5,"FE",0.578364124002847,0.6,0.578364124002847,0.00304526344597988,0.945,0.601,0.055,0.399
"755",2000,0.5,"FE",0.578364124002847,0.1,0.578364124002847,0.00304526344597988,1,1,0,0
"756",2000,0.5,"FE",0.578364124002847,0,0.578364124002847,0.00304526344597988,1,1,0,0
"757",2000,0.75,"FO",0.193265864371953,0,0.193265864371953,0,1,1,0,0
"758",2000,0.75,"FO",0.193265864371953,0.05,0.193265864371953,0,0.984,0.628,0.016,0.372
"759",2000,0.75,"FO",0.193265864371953,0.1,0.193265864371953,0,0.976,0.514,0.024,0.486
"760",2000,0.75,"FO",0.193265864371953,0.15,0.193265864371953,0,0.967,0.451,0.033,0.549
"761",2000,0.75,"FO",0.193265864371953,0.2,0.193265864371953,0,0.96,0.404,0.04,0.596
"762",2000,0.75,"FO",0.193265864371953,0.25,0.193265864371953,0,0.954,0.363,0.046,0.637
"763",2000,0.75,"FO",0.193265864371953,0.3,0.193265864371953,0,0.95,0.328,0.05,0.672
"764",2000,0.75,"FO",0.193265864371953,0.35,0.193265864371953,0,0.94,0.298,0.0600000000000001,0.702
"765",2000,0.75,"FO",0.193265864371953,0.4,0.193265864371953,0,0.929,0.273,0.071,0.727
"766",2000,0.75,"FO",0.193265864371953,0.45,0.193265864371953,0,0.924,0.246,0.076,0.754
"767",2000,0.75,"FO",0.193265864371953,0.5,0.193265864371953,0,0.914,0.229,0.086,0.771
"768",2000,0.75,"FO",0.193265864371953,0.55,0.193265864371953,0,0.903,0.21,0.097,0.79
"769",2000,0.75,"FO",0.193265864371953,0.6,0.193265864371953,0,0.891,0.191,0.109,0.809
"770",2000,0.75,"FO",0.193265864371953,0.65,0.193265864371953,0,0.882,0.166,0.118,0.834
"771",2000,0.75,"FO",0.193265864371953,0.7,0.193265864371953,0,0.869,0.143,0.131,0.857
"772",2000,0.75,"FO",0.193265864371953,0.75,0.193265864371953,0,0.854,0.119,0.146,0.881
"773",2000,0.75,"FO",0.193265864371953,0.8,0.193265864371953,0,0.843,0.103,0.157,0.897
"774",2000,0.75,"FO",0.193265864371953,0.85,0.193265864371953,0,0.818,0.088,0.182,0.912
"775",2000,0.75,"FO",0.193265864371953,0.9,0.193265864371953,0,0.781,0.072,0.219,0.928
"776",2000,0.75,"FO",0.193265864371953,0.95,0.193265864371953,0,0.738,0.047,0.262,0.953
"777",2000,0.75,"FO",0.193265864371953,1,0.193265864371953,0,0,0,1,1
"778",2000,0.75,"EO",0.0183220688360937,0,1.99999999802682,0.0183220688360937,0.968,0.48,0.032,0.52
"779",2000,0.75,"EO",0.0183220688360937,0.05,1.99999999802682,0.0183220688360937,0.865,0.147,0.135,0.853
"780",2000,0.75,"EO",0.0183220688360937,0.1,1.99999999802682,0.0183220688360937,0.837,0.103,0.163,0.897
"781",2000,0.75,"EO",0.0183220688360937,0.15,1.99999999802682,0.0183220688360937,0.807,0.087,0.193,0.913
"782",2000,0.75,"EO",0.0183220688360937,0.2,1.99999999802682,0.0183220688360937,0.778,0.072,0.222,0.928
"783",2000,0.75,"EO",0.0183220688360937,0.25,1.99999999802682,0.0183220688360937,0.76,0.063,0.24,0.937
"784",2000,0.75,"EO",0.0183220688360937,0.3,1.99999999802682,0.0183220688360937,0.746,0.052,0.254,0.948
"785",2000,0.75,"EO",0.0183220688360937,0.35,1.99999999802682,0.0183220688360937,0.726,0.043,0.274,0.957
"786",2000,0.75,"EO",0.0183220688360937,0.4,1.99999999802682,0.0183220688360937,0.709,0.038,0.291,0.962
"787",2000,0.75,"EO",0.0183220688360937,0.45,1.99999999802682,0.0183220688360937,0.681,0.034,0.319,0.966
"788",2000,0.75,"EO",0.0183220688360937,0.5,1.99999999802682,0.0183220688360937,0.668,0.033,0.332,0.967
"789",2000,0.75,"EO",0.0183220688360937,0.55,1.99999999802682,0.0183220688360937,0.643,0.028,0.357,0.972
"790",2000,0.75,"EO",0.0183220688360937,0.6,1.99999999802682,0.0183220688360937,0.62,0.025,0.38,0.975
"791",2000,0.75,"EO",0.0183220688360937,0.65,1.99999999802682,0.0183220688360937,0.592,0.02,0.408,0.98
"792",2000,0.75,"EO",0.0183220688360937,0.7,1.99999999802682,0.0183220688360937,0.571,0.017,0.429,0.983
"793",2000,0.75,"EO",0.0183220688360937,0.75,1.99999999802682,0.0183220688360937,0.553,0.017,0.447,0.983
"794",2000,0.75,"EO",0.0183220688360937,0.8,1.99999999802682,0.0183220688360937,0.515,0.012,0.485,0.988
"795",2000,0.75,"EO",0.0183220688360937,0.85,1.99999999802682,0.0183220688360937,0.481,0.011,0.519,0.989
"796",2000,0.75,"EO",0.0183220688360937,0.9,1.99999999802682,0.0183220688360937,0.436,0.007,0.564,0.993
"797",2000,0.75,"EO",0.0183220688360937,0.95,1.99999999802682,0.0183220688360937,0.368,0.002,0.632,0.998
"798",2000,0.75,"EO",0.0183220688360937,1,1.99999999802682,0.0183220688360937,0,0,1,1
"799",2000,0.75,"FE",0.0183910831118006,1,0.186275384393549,0.0183910831118006,0,0,1,1
"800",2000,0.75,"FE",0.0183910831118006,0.85,0.186275384393549,0.0183910831118006,0.481,0.011,0.519,0.989
"801",2000,0.75,"FE",0.0183910831118006,0.9,0.186275384393549,0.0183910831118006,0.437,0.007,0.563,0.993
"802",2000,0.75,"FE",0.0183910831118006,0.75,0.186275384393549,0.0183910831118006,0.554,0.017,0.446,0.983
"803",2000,0.75,"FE",0.0183910831118006,0.95,0.186275384393549,0.0183910831118006,0.368,0.002,0.632,0.998
"804",2000,0.75,"FE",0.0183910831118006,0.8,0.186275384393549,0.0183910831118006,0.516,0.012,0.484,0.988
"805",2000,0.75,"FE",0.0183910831118006,0.65,0.186275384393549,0.0183910831118006,0.592,0.02,0.408,0.98
"806",2000,0.75,"FE",0.0183910831118006,0.7,0.186275384393549,0.0183910831118006,0.571,0.018,0.429,0.982
"807",2000,0.75,"FE",0.0183910831118006,0,0.186275384393549,0.0183910831118006,0.968,0.481,0.032,0.519
"808",2000,0.75,"FE",0.0183910831118006,0.05,0.186275384393549,0.0183910831118006,0.865,0.147,0.135,0.853
"809",2000,0.75,"FE",0.0183910831118006,0.1,0.186275384393549,0.0183910831118006,0.837,0.103,0.163,0.897
"810",2000,0.75,"FE",0.0183910831118006,0.15,0.186275384393549,0.0183910831118006,0.807,0.087,0.193,0.913
"811",2000,0.75,"FE",0.0183910831118006,0.2,0.186275384393549,0.0183910831118006,0.778,0.074,0.222,0.926
"812",2000,0.75,"FE",0.0183910831118006,0.25,0.186275384393549,0.0183910831118006,0.761,0.063,0.239,0.937
"813",2000,0.75,"FE",0.0183910831118006,0.3,0.186275384393549,0.0183910831118006,0.746,0.052,0.254,0.948
"814",2000,0.75,"FE",0.0183910831118006,0.35,0.186275384393549,0.0183910831118006,0.728,0.043,0.272,0.957
"815",2000,0.75,"FE",0.0183910831118006,0.4,0.186275384393549,0.0183910831118006,0.709,0.038,0.291,0.962
"816",2000,0.75,"FE",0.0183910831118006,0.45,0.186275384393549,0.0183910831118006,0.682,0.034,0.318,0.966
"817",2000,0.75,"FE",0.0183910831118006,0.5,0.186275384393549,0.0183910831118006,0.668,0.033,0.332,0.967
"818",2000,0.75,"FE",0.0183910831118006,0.55,0.186275384393549,0.0183910831118006,0.644,0.029,0.356,0.971
"819",2000,0.75,"FE",0.0183910831118006,0.6,0.186275384393549,0.0183910831118006,0.62,0.025,0.38,0.975
"820",2000,0.75,"FE",0.186275384393549,0.3,0.186275384393549,0.0183910831118006,0.945,0.318,0.055,0.682
"821",2000,0.75,"FE",0.186275384393549,0.35,0.186275384393549,0.0183910831118006,0.932,0.287,0.0679999999999999,0.713
"822",2000,0.75,"FE",0.186275384393549,0.4,0.186275384393549,0.0183910831118006,0.926,0.266,0.074,0.734
"823",2000,0.75,"FE",0.186275384393549,0.45,0.186275384393549,0.0183910831118006,0.918,0.24,0.082,0.76
"824",2000,0.75,"FE",0.186275384393549,0.5,0.186275384393549,0.0183910831118006,0.909,0.224,0.091,0.776
"825",2000,0.75,"FE",0.186275384393549,0.55,0.186275384393549,0.0183910831118006,0.893,0.207,0.107,0.793
"826",2000,0.75,"FE",0.186275384393549,0.6,0.186275384393549,0.0183910831118006,0.883,0.181,0.117,0.819
"827",2000,0.75,"FE",0.186275384393549,0.65,0.186275384393549,0.0183910831118006,0.879,0.158,0.121,0.842
"828",2000,0.75,"FE",0.186275384393549,0.7,0.186275384393549,0.0183910831118006,0.855,0.138,0.145,0.862
"829",2000,0.75,"FE",0.186275384393549,0.75,0.186275384393549,0.0183910831118006,0.85,0.113,0.15,0.887
"830",2000,0.75,"FE",0.186275384393549,0.8,0.186275384393549,0.0183910831118006,0.834,0.101,0.166,0.899
"831",2000,0.75,"FE",0.186275384393549,0.85,0.186275384393549,0.0183910831118006,0.806,0.085,0.194,0.915
"832",2000,0.75,"FE",0.186275384393549,0.9,0.186275384393549,0.0183910831118006,0.771,0.069,0.229,0.931
"833",2000,0.75,"FE",0.186275384393549,0.95,0.186275384393549,0.0183910831118006,0.731,0.045,0.269,0.955
"834",2000,0.75,"FE",0.186275384393549,1,0.186275384393549,0.0183910831118006,0,0,1,1
"835",2000,0.75,"FE",0.186275384393549,0,0.186275384393549,0.0183910831118006,1,1,0,0
"836",2000,0.75,"FE",0.186275384393549,0.05,0.186275384393549,0.0183910831118006,0.984,0.612,0.016,0.388
"837",2000,0.75,"FE",0.186275384393549,0.1,0.186275384393549,0.0183910831118006,0.974,0.5,0.026,0.5
"838",2000,0.75,"FE",0.186275384393549,0.15,0.186275384393549,0.0183910831118006,0.964,0.438,0.036,0.562
"839",2000,0.75,"FE",0.186275384393549,0.2,0.186275384393549,0.0183910831118006,0.956,0.395,0.044,0.605
"840",2000,0.75,"FE",0.186275384393549,0.25,0.186275384393549,0.0183910831118006,0.953,0.351,0.047,0.649
